"40.574355338,-76.019708008"
"39.651498797,-77.543071601"
"40.022741047,-77.373451596"
"35.562651794,-83.500016794"
"36.206063464,-81.97783723"
"36.219506906,-81.984481984"
"36.222039483,-82.004105102"
"36.204809955,-81.976955888"
"36.204128479,-81.981766269"
"36.207252441,-81.978976617"
"36.207252441,-81.978976617"
"36.207253993,-81.978977022"
"35.728661439,-83.182215959"
"40.589769766,-75.944329854"
"40.607304181,-75.963777994"
"40.297953598,-77.087440863"
"40.313634804,-77.083077402"
"40.310271688,-77.08356614"
"40.566743324,-76.043793939"
"40.567053854,-76.043383472"
"40.589533687,-75.94007256"
"40.612765616,-75.91281938"
"40.623320162,-75.958710554"
"40.625551783,-75.958616101"
"40.607343638,-75.939618154"
"40.147170181,-77.123696192"
"40.150168785,-77.126689392"
"40.150870289,-77.122997383"
"40.148160403,-77.125356137"
"40.146792807,-77.122055873"
"40.15885918,-77.119522367"
"40.173764121,-77.120383553"
"40.17708793,-77.118816301"
"40.180093335,-77.114546791"
"40.179583859,-77.115222404"
"40.18494976,-77.109574121"
"40.190357874,-77.107214059"
"40.190635858,-77.106879384"
"40.194230015,-77.106823596"
"40.212619201,-77.107411637"
"40.20677356,-77.113147801"
"40.206851812,-77.112877038"
"40.210884141,-77.111187516"
"40.214206799,-77.104925209"
"40.21645385,-77.105430796"
"40.217219612,-77.105718983"
"40.218256574,-77.106365397"
"40.218472088,-77.106453155"
"40.219513856,-77.105780776"
"40.219736904,-77.105441378"
"40.225447936,-77.104764076"
"40.225447936,-77.104764076"
"40.196997572,-77.108311882"
"40.194230015,-77.106823596"
"40.173486007,-77.120434872"
"40.165191088,-77.120298008"
"40.15885918,-77.119522367"
"40.155372723,-77.11922754"
"40.150870289,-77.122997383"
"40.147854343,-77.124684348"
"40.219736904,-77.105441378"
"40.227667552,-77.106554438"
"40.233046662,-77.108883973"
"34.723727573,-83.969184624"
"34.742085124,-83.941272425"
"34.735636785,-83.930207931"
"34.677536035,-83.999961223"
"34.68731588,-83.993965589"
"34.726481808,-83.964924268"
"35.698125358,-83.255278248"
"35.693612131,-83.2572103"
"35.72588955,-83.219662592"
"35.769245194,-83.122370873"
"36.011775059,-82.454778356"
"36.01181973,-82.454536979"
"36.011802722,-82.455938478"
"36.010597431,-82.45648877"
"36.006838471,-82.463031933"
"35.96892362,-82.540047155"
"35.991685547,-82.487303115"
"35.999912973,-82.474410297"
"36.011828985,-82.454265594"
"36.013728249,-82.448424375"
"36.015002628,-82.446771424"
"36.015640372,-82.4450377"
"36.016549157,-82.443137144"
"36.016675262,-82.442708625"
"36.017614645,-82.440590726"
"36.012909502,-82.449243254"
"36.01407203,-82.44828104"
"36.015114603,-82.445996545"
"36.016246387,-82.44420112"
"36.017173914,-82.44178559"
"36.017806784,-82.438167431"
"36.017806784,-82.438167431"
"35.974712271,-82.520751448"
"36.029443469,-82.422989848"
"35.953728817,-82.560409097"
"35.972168251,-82.529847277"
"35.995477131,-82.483551939"
"35.991538733,-82.487601192"
"35.998511652,-82.482147888"
"36.011288414,-82.449661273"
"35.991373106,-82.487850071"
"40.576938255,-76.0259662"
"40.609866245,-75.916251551"
"40.597653565,-75.934459943"
"40.572080002,-76.032462588"
"40.559484271,-76.063474994"
"40.550133401,-76.084766983"
"40.550452467,-76.102677228"
"40.630249028,-75.95841735"
"40.558840233,-76.115180218"
"40.589460343,-75.940298214"
"40.561339371,-76.056777124"
"40.571346845,-76.033212367"
"40.576828965,-76.02655642"
"40.57734216,-76.026168905"
"40.594936512,-75.931482831"
"40.626327514,-75.958486418"
"34.740788318,-83.944139676"
"35.211049377,-83.566249603"
"35.180216542,-83.56069121"
"35.026265563,-83.574540221"
"34.994330052,-83.599328013"
"36.105467255,-82.448343255"
"36.076993844,-82.454586062"
"35.56320397,-83.497681379"
"35.608955056,-83.447337932"
"35.449115905,-83.796441128"
"35.901867878,-82.790395125"
"35.901750583,-82.790304538"
"35.904576265,-82.790147088"
"35.895543834,-82.788209426"
"35.8891817,-82.831305055"
"35.853557233,-82.875394836"
"35.875227176,-82.8620104"
"35.895619718,-82.788545765"
"35.892609197,-82.821479891"
"45.706810216,-69.00847003"
"41.263608516,-74.150612714"
"41.313153024,-73.994290289"
"41.297000875,-74.017307475"
"38.074609872,-78.79272989"
"39.143748974,-77.831696224"
"40.446919801,-76.76298233"
"45.142965614,-70.166097188"
"45.615097929,-69.163199306"
"45.88265058,-69.024515748"
"42.575818495,-73.164259178"
"34.65596618,-84.060716026"
"34.797517684,-83.692739784"
"34.650399471,-84.198091116"
"34.814563227,-83.805979738"
"34.934746528,-83.602091466"
"36.261732271,-82.125703826"
"37.358724512,-80.142465724"
"37.82347314,-79.091015885"
"37.828875016,-79.122080779"
"37.323386933,-80.752065528"
"37.683322481,-79.271985124"
"37.667304789,-79.278086325"
"37.346086781,-80.746481107"
"37.374864703,-80.760496016"
"40.735613854,-75.757861637"
"40.736497342,-75.754779561"
"40.769048637,-75.697044155"
"40.707337729,-75.807399238"
"40.734897895,-75.758404399"
"40.709989632,-75.804684653"
"40.718144276,-75.791451368"
"40.754349009,-75.727077644"
"40.767247203,-75.698010604"
"40.707761373,-75.80731822"
"40.722230501,-75.783915751"
"40.730714804,-75.767121694"
"40.744386452,-75.738318599"
"40.755803855,-75.724342206"
"40.031203048,-77.288073694"
"40.031632711,-77.290098985"
"40.031354618,-77.30477181"
"40.054459684,-77.225648725"
"40.031232219,-77.311809984"
"40.03033122,-77.251376084"
"40.0290584,-77.265007625"
"40.065760742,-77.209458943"
"40.031644594,-77.307538775"
"40.411317266,-76.930607179"
"40.388171696,-77.016416079"
"40.394810582,-76.990401608"
"40.403032891,-76.960960273"
"40.401169719,-76.968910828"
"40.386174974,-77.015057198"
"40.395732287,-77.008230599"
"40.409198461,-76.938806224"
"40.392100975,-77.013511618"
"40.387397476,-77.017392453"
"40.396907785,-76.982593157"
"40.391127958,-77.000916409"
"34.725297871,-83.839107372"
"34.735324658,-83.918116166"
"34.726016921,-83.845616977"
"34.8014509,-83.742857927"
"34.776587308,-83.826278056"
"34.726047258,-83.839852732"
"34.819517842,-83.777719056"
"34.814563227,-83.805979738"
"34.726445224,-83.839364943"
"34.7261121,-83.839833229"
"36.032717716,-82.420573796"
"36.044654776,-82.427700942"
"36.067515228,-82.433864923"
"36.05653566,-82.434069974"
"36.105399016,-82.446850968"
"36.091423097,-82.454235105"
"36.071029884,-82.447799874"
"36.08343672,-82.459605643"
"36.053376822,-82.434856767"
"36.035000582,-82.419058291"
"36.032093094,-82.420203081"
"36.044925044,-82.427867237"
"36.040193173,-82.419264945"
"36.033337379,-82.420769856"
"36.115784986,-82.354029985"
"36.09946535,-82.431334559"
"36.116308799,-82.348990366"
"36.104618801,-82.407971345"
"40.223003383,-77.102341263"
"40.078059796,-77.195861237"
"40.078994596,-77.194847327"
"40.130938047,-77.11257593"
"40.130938047,-77.11257593"
"40.141639786,-77.1162895"
"40.127388363,-77.110191526"
"40.124154847,-77.104597617"
"40.136218414,-77.11395931"
"40.132052897,-77.112570147"
"40.14145387,-77.116137502"
"40.135952287,-77.115029304"
"40.135952287,-77.115029304"
"40.115293059,-77.103012629"
"40.098699527,-77.124210861"
"40.094874719,-77.13518331"
"40.092848549,-77.142289017"
"40.092206388,-77.146396469"
"40.091616529,-77.147999473"
"40.091090441,-77.150659612"
"40.092474385,-77.158904097"
"40.092300218,-77.169496883"
"40.079869732,-77.186386159"
"40.07927542,-77.193392191"
"40.071686985,-77.204307853"
"40.07927542,-77.193392191"
"40.325314068,-77.076696947"
"40.332804884,-77.082494619"
"40.244383298,-77.101138862"
"40.238907264,-77.104189605"
"40.240286422,-77.100110203"
"40.245267863,-77.101069746"
"40.248708596,-77.102146907"
"40.238888833,-77.104220136"
"40.249026411,-77.102321997"
"35.571972283,-83.592021059"
"35.575136967,-83.61373959"
"35.568718371,-83.699239573"
"35.564940976,-83.528471604"
"35.564122646,-83.730546591"
"35.910142777,-82.79099923"
"35.909541708,-82.790924924"
"35.893649198,-82.823853611"
"35.803403812,-82.948292208"
"35.83824868,-82.926839083"
"35.838919004,-82.92366905"
"35.849946649,-82.900463954"
"35.893532309,-82.822054797"
"35.851968392,-82.898401514"
"35.85060894,-82.885903795"
"35.805225602,-82.952734204"
"35.792263102,-82.96171069"
"35.813197924,-82.943341732"
"35.837016854,-82.920104441"
"35.850275773,-82.899840114"
"35.842788813,-82.905344755"
"35.891922698,-82.82911828"
"35.893398454,-82.822064839"
"35.784713976,-83.113354092"
"35.789402614,-83.075326573"
"35.776660613,-83.004662153"
"35.789409262,-82.963579048"
"35.78188617,-83.102726558"
"35.785332696,-83.112385598"
"35.779986596,-83.112301311"
"35.787191143,-83.047780173"
"35.783579583,-83.028086237"
"35.776480199,-83.004699983"
"35.772324732,-82.998729636"
"35.782088267,-83.101643498"
"35.783305945,-83.109225857"
"35.770510393,-83.110840787"
"35.217084445,-83.56485141"
"35.184326357,-83.561115622"
"35.202104008,-83.567187091"
"35.220470351,-83.562115029"
"34.958671215,-83.596315924"
"34.990984104,-83.598876159"
"35.043225171,-83.547931898"
"35.038699453,-83.542740506"
"35.012553919,-83.52134737"
"35.027402961,-83.478469427"
"35.039584245,-83.552602642"
"35.03938829,-83.547634466"
"35.03699833,-83.54139665"
"40.861343342,-75.294568135"
"40.936027598,-75.197977936"
"36.985014993,-81.406438909"
"36.994603604,-81.406477307"
"41.029009047,-75.007645566"
"41.024068659,-75.01494249"
"41.021249318,-75.020893681"
"41.017646898,-75.03501802"
"41.016142711,-75.039722136"
"41.001092944,-75.079257865"
"41.052116404,-74.967303771"
"41.057922685,-74.964435485"
"41.047500133,-74.972429558"
"41.016142711,-75.039722136"
"41.005003357,-75.067878972"
"40.997951526,-75.090621894"
"40.999402312,-75.089988085"
"41.031964761,-74.999922622"
"41.042902807,-74.979023393"
"41.041383837,-74.981766564"
"41.037964414,-74.987842819"
"41.034520826,-74.993764998"
"41.031827705,-74.99857705"
"41.031964761,-74.999922622"
"41.046810461,-74.973359235"
"40.974908578,-75.134740394"
"40.98132025,-75.141907597"
"40.95230475,-75.142849709"
"40.959765238,-75.128695677"
"40.953966392,-75.138644481"
"40.95230475,-75.142849709"
"40.949100669,-75.157060664"
"40.95980198,-75.128685498"
"40.981894637,-75.137545702"
"40.974725468,-75.13470299"
"40.981800945,-75.137504542"
"40.935999654,-75.188196438"
"40.936074519,-75.187851444"
"40.93717651,-75.184269864"
"40.936990861,-75.184850808"
"40.945428012,-75.176373337"
"40.943895332,-75.176843737"
"40.947281209,-75.173531404"
"40.975741869,-75.13945081"
"40.975969838,-75.139739903"
"40.948410494,-75.163250953"
"40.947291972,-75.170309326"
"40.947281209,-75.173531404"
"40.940572216,-75.180975013"
"40.93717651,-75.184269864"
"40.935568681,-75.194535023"
"40.935467016,-75.197008888"
"40.965848016,-75.133547906"
"40.948238044,-75.158731657"
"40.972003016,-75.126157483"
"40.982298618,-75.137759451"
"40.274442249,-77.099181213"
"40.276714261,-77.099658414"
"40.258384606,-77.102004853"
"40.259880922,-77.103343089"
"40.297498203,-77.089403172"
"40.311838059,-77.079967585"
"40.273414338,-77.099822935"
"40.25239721,-77.103821504"
"40.253401509,-77.103884133"
"40.254017669,-77.103972092"
"40.255142676,-77.102339998"
"40.293621659,-77.087941377"
"40.27694196,-77.099533367"
"40.24926284,-77.10313557"
"40.259880922,-77.103343089"
"40.255142676,-77.102339998"
"40.276568473,-77.099770521"
"40.276845968,-77.099569296"
"40.260392561,-77.103582242"
"40.295798297,-77.088506446"
"40.259922969,-77.103544004"
"40.392730396,-77.030290043"
"40.396598688,-77.008778524"
"40.413337163,-76.923228936"
"40.429870766,-76.864085729"
"40.444653613,-76.821162745"
"40.422677518,-76.890576871"
"40.421853649,-76.894311778"
"40.450011481,-76.807055346"
"40.411908087,-76.929642499"
"40.411786171,-76.926949586"
"40.421613102,-76.894840521"
"40.430565584,-76.863420142"
"40.429058837,-76.868252085"
"40.454304818,-76.782628756"
"34.659374823,-84.189955505"
"34.662634966,-84.184419212"
"34.65104109,-84.198365705"
"34.647692627,-84.198331106"
"34.665797096,-84.181145818"
"34.66573262,-84.181238168"
"34.666572929,-84.179224476"
"34.626693162,-84.193828418"
"34.666618655,-84.171859973"
"34.628556455,-84.194474229"
"34.65596618,-84.060716026"
"34.66361346,-84.129577839"
"34.653319331,-84.083439273"
"34.901022839,-83.628386217"
"34.839106755,-83.659328973"
"34.799279175,-83.690829597"
"34.865387902,-83.655908498"
"34.946056942,-83.591171165"
"34.912220375,-83.618814852"
"34.938071614,-83.60207305"
"35.140410793,-83.570462047"
"35.16520142,-83.584713961"
"35.153976564,-83.580279618"
"35.169401168,-83.582578394"
"35.17560189,-83.582947923"
"35.175929179,-83.582889016"
"35.173761791,-83.584338806"
"35.147682638,-83.584333247"
"35.140133942,-83.571234097"
"35.120567485,-83.547205605"
"35.170021607,-83.58241481"
"35.178765855,-83.562978508"
"35.321592965,-83.587308914"
"35.283192943,-83.59209029"
"35.226466592,-83.565583094"
"35.22230977,-83.562228054"
"35.322453335,-83.586858735"
"35.276506658,-83.576927174"
"35.282110288,-83.58144815"
"35.292866631,-83.594066329"
"35.301579413,-83.591127309"
"35.304937074,-83.589258229"
"35.316782737,-83.587587557"
"35.309646055,-83.587489917"
"35.330819744,-83.591730398"
"35.097907166,-83.526724342"
"35.082443793,-83.511447446"
"35.061445049,-83.482548892"
"35.053824825,-83.477439"
"35.103912452,-83.531818542"
"35.035426882,-83.470035818"
"35.325616437,-83.680859059"
"35.328091077,-83.672632073"
"35.354657759,-83.719126741"
"35.331402175,-83.667187318"
"35.32432558,-83.684078808"
"35.665401821,-83.293392752"
"35.655753106,-83.358012965"
"35.630102516,-83.387321976"
"35.679630998,-83.273899018"
"35.610930692,-83.42481429"
"37.343286931,-80.758790537"
"37.284523002,-80.802569237"
"37.271579887,-80.834550108"
"37.270541812,-80.838424474"
"37.338103905,-80.75610536"
"37.341894116,-80.759404005"
"37.342016106,-80.759482117"
"37.341894116,-80.759404005"
"36.105113362,-82.446188392"
"36.106473789,-82.416441718"
"36.119044488,-82.323675846"
"36.143391638,-82.23321777"
"36.143502219,-82.179608234"
"36.137228353,-82.240470431"
"36.104779679,-82.129868026"
"36.117522168,-82.328798427"
"36.118634148,-82.319801364"
"36.118606791,-82.324979893"
"36.130317941,-82.281671503"
"36.156750982,-82.219654182"
"36.146798655,-82.161446033"
"36.13378897,-82.295536927"
"36.136181594,-82.242797124"
"36.143331562,-82.233260942"
"36.303849965,-82.130194738"
"36.321114027,-82.123579944"
"36.300193033,-82.128393217"
"36.30444597,-82.129652541"
"36.323800455,-82.121417878"
"36.313669012,-82.130386528"
"36.301960122,-82.127897738"
"36.304715716,-82.129653161"
"36.105312864,-82.11705998"
"36.124130791,-82.042071811"
"36.171652982,-82.011198034"
"36.106464767,-82.110228507"
"36.176631106,-82.011794744"
"36.120820966,-82.035852318"
"35.478810436,-83.809119227"
"35.483932226,-83.809426465"
"35.556267841,-83.77390706"
"35.520462901,-83.814934917"
"35.561871471,-83.743592727"
"35.460584874,-83.811125161"
"35.477632603,-83.809307492"
"35.489410935,-83.815559525"
"35.331245561,-83.591939861"
"35.33154983,-83.592144734"
"35.342153691,-83.63198493"
"35.332449903,-83.59257875"
"35.452499545,-83.807864836"
"35.425950709,-83.801080505"
"35.410801142,-83.765776075"
"35.383968955,-83.755659565"
"35.358103434,-83.717888087"
"35.435432861,-83.799075809"
"35.371391319,-83.736443269"
"37.384314905,-80.184840502"
"37.383882692,-80.165062702"
"37.365231435,-80.144073271"
"37.390419057,-80.196130534"
"37.363548766,-80.141191415"
"37.362048066,-80.172972647"
"37.373463238,-80.155059715"
"37.382869958,-80.164487924"
"37.39014989,-80.169585448"
"37.356869378,-80.140833352"
"37.371244936,-80.148010457"
"37.384721644,-80.181857748"
"35.770507711,-83.111278423"
"35.784220192,-83.113688432"
"35.927790268,-82.803126153"
"35.9464495,-82.795829643"
"35.910363037,-82.791213357"
"35.926511157,-82.802467699"
"35.933670432,-82.804398443"
"35.910330081,-82.791039922"
"36.052764754,-82.669305334"
"36.066245946,-82.6321763"
"36.039457904,-82.60177085"
"36.02013184,-82.604183974"
"36.017847653,-82.606435006"
"36.025482338,-82.600362727"
"36.031059736,-82.599009959"
"36.010567632,-82.609479744"
"36.021418494,-82.716319086"
"36.062982587,-82.643371622"
"36.041515212,-82.606871657"
"36.03439523,-82.595758863"
"36.015277113,-82.611618261"
"35.984958455,-82.606634774"
"35.966295207,-82.608552605"
"35.954943177,-82.566559942"
"35.954337205,-82.561511338"
"36.010111302,-82.608824634"
"35.978852968,-82.608942421"
"35.954366191,-82.566302205"
"35.966623553,-82.605116898"
"35.95400501,-82.562751555"
"40.373738665,-77.044950613"
"40.359416477,-77.07905781"
"40.32206764,-77.077466287"
"40.380646017,-77.036101612"
"40.334887606,-77.089686428"
"40.325614631,-77.076667498"
"40.391389255,-77.031032503"
"40.381283648,-77.029207297"
"40.861509877,-75.292347709"
"40.930180255,-75.212424786"
"40.930180255,-75.212424786"
"40.935052258,-75.201238187"
"40.861343342,-75.294568135"
"40.935708012,-75.199706544"
"40.936027598,-75.197977936"
"40.919709914,-75.225462854"
"40.889467378,-75.265621011"
"40.875152836,-75.271455402"
"40.863724229,-75.286137193"
"40.861725741,-75.291814949"
"40.860585226,-75.292759615"
"40.92837059,-75.218709672"
"40.930913247,-75.210867293"
"40.93261584,-75.208778632"
"40.935355543,-75.200686725"
"40.828802746,-75.40119929"
"40.827735772,-75.406943282"
"40.828881932,-75.397257767"
"40.831748454,-75.375810641"
"40.836955996,-75.364805028"
"40.838924913,-75.362112887"
"40.843271172,-75.357006849"
"40.843262686,-75.356654107"
"40.845118409,-75.339799206"
"40.857813038,-75.30926787"
"40.856040959,-75.31887734"
"40.851598897,-75.328367169"
"40.846692703,-75.337366866"
"40.845118409,-75.339799206"
"40.833951201,-75.370202217"
"40.833951201,-75.370202217"
"40.832107711,-75.375279199"
"40.831748454,-75.375810641"
"40.827980369,-75.392557352"
"40.825631971,-75.414265896"
"40.828681855,-75.393864433"
"40.86134479,-75.294695933"
"40.861358409,-75.29459326"
"40.675880922,-75.895455265"
"40.694261523,-75.84169263"
"40.697463947,-75.833390546"
"40.683320385,-75.877174502"
"40.692634106,-75.845278584"
"40.643980211,-75.956378456"
"40.651936451,-75.954444042"
"40.705437671,-75.812379777"
"40.675865185,-75.892263201"
"40.695114766,-75.839504076"
"40.694060878,-75.842299339"
"40.705415425,-75.812328798"
"40.633751427,-75.960772563"
"40.647973274,-75.95470261"
"40.65656011,-75.955214135"
"36.205991434,-81.989132767"
"36.190165608,-82.010820394"
"36.205926605,-81.995663787"
"36.207086228,-81.991659988"
"36.198026005,-82.002461483"
"36.187028189,-82.011793226"
"36.17746855,-82.011525561"
"36.183539008,-82.009163482"
"36.192473095,-82.006279806"
"36.279552039,-82.138870522"
"36.282997912,-82.140952199"
"36.269974064,-82.1305784"
"36.265732453,-82.123711285"
"36.28162572,-82.141934748"
"36.283967321,-82.137681648"
"36.281079019,-82.137528238"
"36.27303549,-82.132086918"
"36.270493944,-82.129931334"
"36.264219802,-82.123112697"
"36.281476477,-82.143233937"
"36.283120265,-82.139034352"
"36.285182507,-82.136510735"
"36.297484895,-82.127189751"
"36.284100508,-82.132482419"
"36.420768161,-82.005577879"
"36.390560055,-82.03206454"
"36.386790388,-82.035416851"
"36.36025259,-82.06638128"
"36.352714655,-82.075102462"
"36.3333317,-82.10032863"
"36.467743813,-81.955612724"
"36.331330084,-82.104865304"
"36.376602074,-82.047645799"
"36.329271446,-82.112085027"
"36.33018298,-82.107254911"
"36.645970425,-81.735934655"
"36.644256798,-81.700808883"
"36.65423496,-81.685466876"
"36.645761994,-81.735897859"
"36.652891068,-81.686961293"
"36.654467798,-81.67867321"
"36.628385412,-81.776571654"
"36.646492039,-81.739477731"
"36.634958499,-81.789101506"
"36.648608367,-81.672308752"
"36.639194379,-81.648630136"
"36.639966144,-81.648763828"
"36.646885775,-81.672172833"
"36.636689812,-81.646668889"
"36.642377659,-81.5159166"
"36.639152064,-81.509358315"
"36.646298757,-81.583384087"
"36.656213027,-81.571737268"
"36.645233654,-81.506174904"
"36.654412677,-81.493490597"
"36.650446801,-81.489123694"
"36.65165886,-81.491697988"
"36.653825587,-81.499289297"
"36.69520275,-81.506366712"
"36.6431769,-81.500664149"
"36.643095266,-81.499974805"
"36.651626439,-81.480350019"
"36.671516582,-81.488070541"
"36.648991859,-81.503002607"
"36.689142475,-81.509579641"
"37.598544149,-79.39030281"
"37.599685894,-79.391235666"
"37.618040864,-79.395160936"
"37.614957866,-79.393300295"
"37.596727984,-79.389872022"
"37.596618414,-79.391017199"
"37.597086284,-79.38989835"
"37.59939354,-79.390812188"
"37.603529034,-79.390833389"
"37.616976705,-79.394574906"
"37.605117083,-79.386223198"
"37.675163659,-79.334662259"
"37.658247565,-79.349559373"
"37.646551972,-79.367601984"
"37.618970788,-79.395155932"
"37.604495566,-79.387670411"
"37.604244753,-79.389790992"
"37.594977469,-79.390599048"
"37.570172107,-79.439786607"
"37.596701711,-79.39144247"
"37.590318504,-79.443119425"
"37.537628519,-79.495515577"
"37.697457571,-79.272142616"
"37.66995647,-79.305165376"
"37.70893599,-79.268591039"
"37.667304789,-79.278086325"
"37.691743503,-79.272175497"
"37.687602703,-79.271536258"
"37.685343584,-79.271177878"
"37.722359089,-79.254259403"
"37.673935542,-79.3344248"
"38.284242825,-78.658724492"
"38.356518072,-78.545243568"
"38.328034855,-78.571572879"
"38.321199774,-78.591952355"
"38.303140066,-78.616414164"
"38.301692248,-78.62291574"
"38.317507383,-78.596741833"
"38.310077651,-78.602338061"
"38.301735442,-78.622483817"
"38.333204398,-78.554189656"
"38.332511634,-78.556694827"
"38.357098776,-78.54532055"
"38.337367331,-78.55118528"
"38.330949163,-78.563154637"
"38.369483651,-78.526518618"
"38.377694512,-78.523234505"
"38.364853085,-78.527986938"
"38.443757296,-78.47228212"
"38.43434424,-78.477702449"
"38.431047176,-78.480253274"
"38.421346197,-78.485329238"
"38.418246074,-78.485733193"
"38.414831744,-78.486044768"
"38.411705621,-78.488122617"
"38.407160963,-78.490616731"
"38.405068282,-78.493923308"
"38.402343248,-78.4981831"
"38.365331678,-78.540306244"
"38.361345809,-78.5446848"
"38.46678755,-78.456923145"
"38.357808625,-78.54487299"
"38.379940234,-78.521502672"
"38.364125979,-78.529645779"
"38.761992295,-78.277530545"
"38.662348557,-78.322765785"
"38.665456427,-78.319679661"
"38.660853463,-78.323533425"
"38.665911018,-78.319498304"
"38.662806198,-78.322421103"
"38.758167547,-78.256161563"
"38.75924501,-78.26551255"
"38.743708059,-78.298096442"
"38.744180047,-78.321068867"
"38.700765329,-78.329162437"
"38.675501827,-78.322743023"
"38.761893619,-78.271995375"
"38.757679755,-78.286042374"
"37.333359422,-80.751441005"
"37.333075324,-80.750339383"
"37.343208513,-80.758694116"
"37.256125956,-80.855513561"
"37.332782733,-80.751035811"
"37.333595027,-80.752620445"
"37.325146118,-80.752510329"
"37.323386933,-80.752065528"
"37.307171763,-80.76232508"
"37.294895078,-80.786725353"
"37.437755276,-80.621491517"
"37.428576537,-80.613245381"
"37.425518562,-80.61103376"
"37.437807027,-80.619041332"
"37.43676392,-80.622848732"
"37.423479461,-80.643810227"
"37.408672804,-80.676165715"
"37.379110902,-80.749479028"
"37.374864703,-80.760496016"
"37.420942203,-80.599617188"
"37.414468425,-80.588113597"
"37.408054289,-80.584223727"
"37.40189832,-80.580857235"
"37.412128713,-80.522681857"
"37.413009461,-80.520575118"
"37.412924031,-80.520894131"
"37.41872486,-80.597364345"
"37.414244746,-80.585527514"
"37.406423109,-80.584072048"
"37.388178489,-80.470680384"
"37.39596122,-80.473797954"
"37.400628846,-80.580738395"
"37.400322838,-80.578773433"
"37.405116924,-80.546645959"
"37.401895013,-80.478139738"
"37.417035194,-80.492304702"
"37.416024915,-80.508607068"
"37.413850052,-80.51908601"
"37.418947307,-80.604654931"
"37.420790067,-80.604307328"
"36.972667755,-81.396887058"
"37.000604628,-81.404315775"
"37.012480018,-81.420092706"
"37.021144167,-81.430166735"
"37.003866189,-81.40575683"
"37.022199556,-81.425983271"
"37.015110075,-81.419922614"
"37.053823372,-81.407127834"
"37.035680834,-81.42639257"
"37.04323134,-81.432065089"
"37.04262537,-81.430172171"
"37.055641704,-81.389142717"
"37.056082096,-81.392518353"
"37.055060656,-81.383477417"
"37.022707001,-81.425019553"
"37.042653658,-81.431314452"
"37.055406347,-81.389652546"
"37.056951525,-81.400674923"
"37.055085704,-81.383175252"
"37.055072737,-81.385918748"
"37.038017612,-81.425591526"
"37.039436761,-81.424878941"
"37.063670621,-81.339160012"
"37.075938838,-81.309682857"
"37.088727086,-81.234418596"
"37.105723147,-81.208213495"
"37.088596743,-81.234647718"
"37.077028818,-81.307092162"
"37.091405467,-81.254715463"
"37.10531467,-81.206451358"
"37.113338441,-81.187574018"
"37.118832104,-81.182621702"
"37.117954138,-81.178854019"
"37.134422011,-81.143288156"
"37.124057181,-81.167980521"
"37.134746929,-81.143266082"
"37.136310632,-81.139331584"
"37.112577379,-81.185683457"
"37.118375843,-81.18216668"
"37.118644971,-81.175516293"
"37.133835214,-81.145325719"
"37.107887554,-81.196410336"
"37.135130411,-81.142049076"
"37.107887554,-81.196410336"
"37.838394672,-79.022365341"
"37.838475461,-79.021838314"
"37.83841189,-79.022929247"
"37.839430156,-79.021208892"
"37.855091393,-78.999799689"
"37.843620363,-78.997568953"
"37.855052812,-79.010063275"
"37.855221779,-78.987515388"
"37.856536252,-78.985603846"
"37.875632297,-78.99206995"
"37.885179514,-78.99221329"
"37.945672264,-78.942377856"
"37.917376346,-78.971906021"
"37.901289522,-78.985219022"
"37.941980895,-78.93752063"
"37.959559734,-78.895332905"
"37.96131475,-78.892962633"
"37.9602518,-78.89390382"
"37.964666648,-78.887264834"
"37.960981849,-78.893701075"
"37.958992579,-78.893443078"
"37.960556593,-78.892579674"
"38.030370386,-78.857312108"
"38.008311547,-78.876539206"
"37.99197622,-78.879345289"
"37.985188243,-78.883716816"
"37.96539677,-78.894905173"
"37.958724308,-78.901442267"
"37.944251857,-78.921080647"
"38.032392422,-78.858790314"
"38.032050899,-78.858637932"
"38.065018234,-78.804009652"
"38.066215559,-78.800691116"
"38.051565733,-78.836626481"
"38.041941331,-78.848316871"
"38.065465956,-78.803344468"
"38.032956792,-78.858950886"
"38.059672534,-78.817599257"
"38.065989321,-78.80212046"
"38.052672823,-78.834141519"
"38.049445002,-78.840153612"
"38.034216616,-78.858850842"
"37.392544469,-80.040549522"
"37.391650648,-80.019313622"
"37.434330889,-79.998773167"
"37.420059875,-79.995509675"
"37.388824111,-80.057735897"
"37.388161051,-80.058648623"
"37.38850604,-80.056710371"
"37.392334982,-80.036495753"
"37.434820397,-79.99904403"
"37.397227933,-80.010461178"
"37.380340084,-80.089509906"
"37.383958017,-80.080905113"
"37.409078553,-79.938139229"
"37.388006774,-79.922511882"
"37.434837217,-79.987282662"
"37.432639477,-79.981803337"
"37.432683319,-79.983816706"
"37.408168929,-79.937569236"
"37.432821027,-79.981359895"
"37.416671896,-79.955016697"
"37.41408418,-79.939043058"
"37.432984871,-79.978852442"
"37.425574008,-79.959531771"
"37.431263626,-79.969565715"
"37.381813606,-79.923975237"
"37.393483066,-79.908553317"
"37.440194817,-79.995208516"
"37.391144377,-79.910031716"
"37.404706792,-79.895978858"
"37.398595458,-79.854457645"
"37.420705645,-79.786420468"
"37.425865713,-79.761286049"
"37.418624896,-79.801725074"
"36.711844634,-81.515247624"
"36.705690967,-81.51894223"
"36.755639935,-81.492042264"
"36.71744432,-81.514729061"
"36.718794701,-81.505738684"
"36.747831013,-81.482062534"
"36.696428205,-81.506223551"
"36.749677081,-81.487053514"
"36.756588937,-81.490968131"
"36.798746709,-81.450472656"
"36.806657867,-81.426641459"
"36.810162577,-81.422347058"
"36.766119551,-81.492263025"
"36.756676778,-81.491105286"
"36.811272562,-81.421239505"
"36.795730636,-81.454873927"
"36.808081604,-81.424701427"
"36.809090705,-81.423380717"
"36.771991683,-81.484080588"
"36.809090705,-81.423380717"
"36.884408926,-81.365263162"
"36.826021635,-81.373454424"
"36.840963729,-81.361387881"
"36.878151679,-81.360893744"
"36.811500277,-81.421222124"
"36.819270314,-81.389876906"
"36.884627105,-81.366323133"
"36.884631005,-81.365401979"
"36.820262043,-81.385516049"
"36.832614643,-81.371279461"
"36.879119907,-81.360659541"
"36.844043255,-81.355978361"
"36.884777813,-81.365525208"
"36.889768456,-81.371364768"
"36.954679159,-81.373590088"
"36.948443543,-81.363114135"
"36.973239961,-81.397204406"
"36.885090011,-81.372705083"
"36.954056783,-81.374135343"
"36.95458853,-81.373211698"
"36.977958847,-81.400087913"
"36.943626356,-81.362883271"
"36.894243389,-81.368555372"
"36.956636692,-81.380200171"
"39.057315655,-77.932310458"
"39.111439574,-77.855950014"
"39.096266382,-77.877765508"
"39.090698231,-77.888229395"
"39.08409694,-77.896887784"
"39.080123883,-77.901734424"
"39.070426648,-77.901623217"
"39.072095695,-77.912001268"
"39.065461371,-77.919245477"
"39.017410497,-77.962916938"
"39.114106277,-77.851978443"
"39.058603182,-77.931801159"
"39.046996384,-77.942187287"
"39.323406429,-77.728831281"
"39.324195852,-77.72626558"
"39.329199676,-77.681493836"
"39.323785728,-77.720700134"
"39.323197431,-77.729225824"
"39.376409678,-77.652085778"
"39.366315597,-77.658834789"
"39.403350046,-77.640342001"
"39.355529504,-77.66536534"
"39.351746607,-77.667316298"
"39.361805834,-77.661919323"
"39.329835247,-77.6819553"
"39.358948504,-77.663631714"
"39.332636108,-77.678798301"
"39.364634191,-77.660192009"
"39.404130764,-77.639963979"
"39.329689783,-77.681581696"
"39.404699786,-77.639996568"
"39.258592371,-77.766815188"
"39.242983478,-77.769836641"
"39.230683697,-77.778374026"
"39.208911737,-77.791351578"
"39.139423715,-77.833682139"
"39.139218657,-77.834026977"
"39.220836826,-77.78618879"
"39.160320783,-77.814652298"
"39.147257688,-77.822815445"
"39.115542471,-77.850831722"
"39.259887802,-77.765021576"
"39.238242267,-77.770088274"
"39.227054342,-77.7807035"
"39.211985893,-77.790754371"
"39.176810435,-77.805010113"
"39.137024378,-77.842110668"
"39.146623275,-77.823759765"
"38.877070346,-78.151248755"
"38.800511257,-78.178407473"
"38.824033949,-78.170436041"
"38.842783425,-78.159740957"
"38.831497658,-78.167777966"
"38.852566917,-78.16457584"
"38.81409606,-78.178620522"
"38.788588031,-78.188080388"
"38.775754871,-78.203852447"
"38.774472472,-78.213526695"
"38.767803226,-78.233551167"
"38.877692759,-78.15087128"
"38.876395892,-78.151777274"
"38.845457336,-78.158819207"
"38.816989919,-78.178838561"
"38.81320447,-78.179252483"
"38.798359116,-78.17918069"
"39.321380968,-77.743245567"
"39.3187716,-77.739735413"
"39.316303209,-77.741380211"
"39.313519902,-77.741362136"
"39.302456277,-77.741556559"
"39.266298399,-77.759517189"
"39.261399246,-77.762060061"
"39.321722541,-77.74434967"
"39.321722541,-77.74434967"
"39.322879424,-77.730921346"
"39.322799862,-77.731528114"
"39.321815474,-77.743946688"
"39.322859632,-77.733528953"
"39.318951695,-77.739356604"
"39.318951695,-77.739356604"
"39.318930424,-77.739267645"
"39.318960177,-77.739398233"
"38.90849662,-78.053988321"
"38.898694471,-78.069067711"
"38.881311931,-78.099771677"
"38.882071439,-78.111040963"
"38.880021329,-78.103571864"
"38.877973557,-78.150676366"
"38.911336875,-78.052977219"
"38.908775873,-78.053685538"
"38.897661683,-78.068807197"
"38.888923065,-78.082556573"
"38.882359353,-78.098254029"
"38.881336238,-78.100465682"
"38.879484082,-78.127734172"
"38.880697576,-78.105325215"
"38.909357516,-78.053464792"
"39.017853838,-77.967424818"
"39.017590415,-77.96657973"
"38.974069857,-77.997956035"
"38.971493849,-77.998571501"
"38.953304825,-78.021324647"
"38.939733517,-78.035100355"
"38.953170564,-78.021445687"
"38.922284334,-78.044705198"
"38.911363409,-78.052559518"
"39.017361965,-77.966252274"
"39.017983624,-77.967356878"
"38.969178344,-77.999854688"
"38.963487349,-78.016180239"
"38.940168888,-78.035846537"
"38.929411846,-78.034418233"
"39.009925447,-77.977254394"
"38.982234336,-77.997935567"
"38.099488215,-78.779387198"
"38.07973016,-78.789495808"
"38.123481191,-78.786830151"
"38.066603041,-78.799127491"
"38.073056308,-78.793468876"
"38.031005726,-78.857936062"
"38.031405823,-78.85820113"
"38.030999541,-78.857927563"
"38.030999541,-78.857927563"
"38.155855122,-78.773537021"
"38.20653602,-78.74946235"
"38.189256983,-78.757101541"
"38.183107667,-78.759892378"
"38.16484437,-78.772686599"
"38.148996809,-78.774465415"
"38.203429892,-78.750990402"
"38.179666373,-78.763104359"
"38.22152555,-78.735428508"
"38.24800222,-78.691078759"
"38.129224803,-78.784491643"
"38.212288248,-78.745836933"
"38.144364871,-78.774745834"
"38.300705367,-78.630721267"
"38.292408557,-78.632751443"
"38.290353192,-78.641708392"
"38.29520186,-78.63254941"
"38.291646965,-78.645545535"
"38.263074112,-78.648097662"
"38.247696902,-78.6660147"
"38.243212504,-78.67099877"
"38.251016489,-78.674702621"
"38.252854269,-78.68022224"
"38.253923965,-78.682691403"
"38.284871738,-78.658687719"
"38.282113215,-78.659222502"
"39.719654123,-77.507012526"
"39.701334329,-77.523070032"
"39.697173501,-77.52711086"
"36.220997943,-82.018878906"
"36.220449313,-82.030517176"
"36.218187568,-82.038817683"
"36.262548191,-82.124837947"
"36.233997312,-82.116208411"
"36.23347292,-82.11604603"
"36.222039483,-82.004105102"
"36.220070131,-82.027331552"
"36.220766652,-82.030988844"
"36.262884897,-82.124434975"
"36.261866282,-82.125403859"
"36.239006683,-82.121199909"
"36.222492863,-82.04167103"
"36.261732271,-82.125703826"
"36.500219194,-81.985547488"
"36.497539061,-81.980092536"
"36.496322477,-81.979061436"
"36.503561883,-81.985131919"
"36.491009422,-81.973757209"
"36.507068572,-81.985706117"
"36.615320948,-81.820394514"
"36.630440468,-81.795949101"
"36.603089711,-81.850279479"
"36.558931186,-81.932039858"
"36.538889835,-81.948339342"
"36.631494258,-81.791399618"
"36.631353473,-81.792465328"
"36.635465385,-81.791945119"
"36.630513798,-81.783282785"
"36.648170736,-81.679031037"
"36.635724348,-81.766947107"
"37.137495012,-81.109932428"
"37.127683176,-81.0816061"
"37.137455609,-81.132550447"
"37.140004455,-81.124397508"
"37.135364866,-81.09150913"
"37.135765513,-81.044313414"
"37.151064183,-81.007873006"
"37.159217478,-80.997871438"
"37.155316248,-80.970883065"
"37.156271,-80.96328407"
"37.156382119,-80.956869433"
"37.146028015,-81.008319976"
"37.153436139,-81.003620504"
"37.155851014,-80.969485181"
"37.153824171,-80.95500171"
"37.156882218,-80.961388247"
"37.155781166,-80.978793622"
"37.159688454,-80.987894059"
"37.158696938,-80.931658654"
"37.192867932,-80.889646116"
"37.202086224,-80.872208995"
"37.241299429,-80.820478158"
"37.244579109,-80.857623988"
"37.21513227,-80.853979311"
"37.224574308,-80.82185716"
"37.194549649,-80.884553784"
"37.23324986,-80.806740045"
"37.246264878,-80.853657698"
"37.211128024,-80.856879616"
"37.215036877,-80.854250123"
"37.175913124,-80.90336437"
"37.18351119,-80.89808073"
"37.241908363,-80.862684454"
"37.170374408,-80.902466212"
"37.245202132,-80.855120595"
"37.372739674,-80.446383004"
"37.358472436,-80.423074408"
"37.369177749,-80.441625415"
"37.36023383,-80.405522641"
"37.377290273,-80.459882637"
"37.387712233,-80.469191459"
"37.392782424,-80.274273763"
"37.367088935,-80.327331129"
"37.350695394,-80.348034424"
"37.387657406,-80.265980546"
"37.351405855,-80.379244139"
"37.358725799,-80.23546008"
"37.364069001,-80.225870286"
"37.367574242,-80.213555375"
"37.361005033,-80.242139983"
"37.375005277,-80.247897379"
"37.370569331,-80.208598784"
"37.390757935,-80.198956429"
"37.379226394,-80.250068113"
"41.616289101,-73.563830519"
"41.641074679,-73.520084288"
"41.64685751,-73.516484234"
"41.672506048,-73.509627324"
"41.662167224,-73.516311692"
"41.679851534,-73.512726683"
"41.69357166,-73.519638127"
"41.69570318,-73.516023019"
"41.685787159,-73.523719068"
"41.687149469,-73.523784593"
"41.686815964,-73.523847543"
"41.731067531,-73.496177703"
"41.684526878,-73.523403019"
"41.675716592,-73.514508944"
"41.671918524,-73.50725673"
"41.731060733,-73.49059449"
"41.662125429,-73.515253964"
"37.393739561,-79.90653943"
"37.398378379,-79.884258249"
"37.401830585,-79.84127803"
"37.39756988,-79.858510563"
"37.404681938,-79.894583217"
"37.510686461,-79.522448701"
"37.514081084,-79.516234908"
"37.441624663,-79.7327253"
"37.445596694,-79.72622149"
"37.47086847,-79.695508646"
"37.431383277,-79.74992157"
"37.467328993,-79.699887686"
"37.485603522,-79.668602372"
"37.431918127,-79.74889907"
"37.424919648,-79.757489123"
"37.441189972,-79.734134156"
"37.442618078,-79.731172052"
"37.448747473,-79.721689956"
"37.483460083,-79.664899845"
"37.522319337,-79.641445993"
"37.486692321,-79.673207192"
"37.474684607,-79.691787033"
"37.468643735,-79.697659928"
"37.467983887,-79.698913385"
"37.440846381,-79.734729349"
"37.47413598,-79.692247682"
"37.527537949,-79.583591167"
"37.494420278,-79.546508184"
"37.517825632,-79.560198073"
"37.518580833,-79.563955849"
"37.526979873,-79.584054259"
"37.529240521,-79.623027722"
"37.533236046,-79.592287017"
"37.723650344,-79.251096334"
"37.752138628,-79.203659499"
"37.756278326,-79.19489403"
"37.723432144,-79.249827141"
"37.746776316,-79.21682855"
"37.774775426,-79.182636651"
"37.821204116,-79.14584015"
"37.830791177,-79.117971989"
"37.825040244,-79.142662546"
"37.821511284,-79.149450849"
"37.818657232,-79.156375384"
"37.793465956,-79.176395463"
"37.826844506,-79.09586481"
"37.779881726,-79.181895477"
"37.824776875,-79.093452142"
"37.83284594,-79.033436314"
"37.823499552,-79.088296773"
"37.836033388,-79.02928397"
"37.837835176,-79.02431012"
"37.823635932,-79.092357142"
"37.818204405,-79.071817366"
"37.822236434,-79.053671596"
"37.818325409,-79.072371969"
"37.825556854,-79.079871176"
"41.917363128,-73.38552178"
"41.930242857,-73.363477449"
"41.911540188,-73.392193859"
"41.861993839,-73.389849185"
"41.839335517,-73.390852438"
"39.652770837,-77.542577505"
"39.691199051,-77.519881663"
"39.692518817,-77.528976332"
"39.711986305,-77.513300933"
"39.720048384,-77.507806492"
"39.72362246,-77.501515713"
"39.723029837,-77.499981817"
"39.713764829,-77.510161596"
"39.717756394,-77.50819582"
"39.718308585,-77.507797453"
"39.720961688,-77.506860157"
"39.721755875,-77.504897516"
"39.681406178,-77.523828785"
"39.674406758,-77.527830474"
"39.663350098,-77.5345205"
"39.659144431,-77.536914769"
"39.655187223,-77.539117422"
"39.724189822,-77.494200574"
"39.65335908,-77.541783286"
"39.688039382,-77.520769381"
"39.693754346,-77.521848984"
"39.713516696,-77.510055095"
"39.71701907,-77.509098012"
"39.721696412,-77.505052417"
"39.721721057,-77.504302083"
"39.72491918,-77.494340555"
"39.651498797,-77.543071601"
"43.703285377,-72.242059008"
"43.700534701,-72.249710279"
"43.700494068,-72.25006529"
"43.703202119,-72.242422134"
"43.717806254,-72.176032244"
"43.697018703,-72.280420904"
"43.665416467,-72.637496028"
"43.666480244,-72.636494198"
"43.66885006,-72.63593039"
"43.673371342,-72.639965937"
"43.654757667,-72.566320879"
"43.659469113,-72.622572257"
"43.660298477,-72.611922195"
"43.658662321,-72.603159738"
"43.658474129,-72.592528517"
"43.654321467,-72.583304963"
"43.656596984,-72.574895995"
"43.654676201,-72.572857467"
"43.659789887,-72.632135959"
"43.667503146,-72.635208639"
"43.676835714,-72.640537073"
"43.654714949,-72.567314445"
"43.678444759,-72.642217021"
"40.48009023,-76.532108248"
"40.49074744,-76.499638685"
"40.492712767,-76.490584821"
"40.494559282,-76.482003318"
"40.493866905,-76.484899506"
"40.494184991,-76.484014685"
"40.496133848,-76.444719816"
"40.494992293,-76.429182105"
"40.500531383,-76.401088757"
"40.499831962,-76.403879448"
"40.501344469,-76.398966022"
"40.504069773,-76.389433031"
"40.504667481,-76.388289999"
"40.505844772,-76.38054663"
"40.49752519,-76.411700364"
"40.4960638,-76.415716896"
"40.494992293,-76.429182105"
"40.492708294,-76.490618449"
"40.487143807,-76.510740043"
"40.505844772,-76.38054663"
"40.486757304,-76.511330406"
"40.494559282,-76.482003318"
"40.496251847,-76.465005858"
"40.49638154,-76.446993458"
"40.478904749,-76.541231483"
"40.479571868,-76.537266227"
"40.480979639,-76.531769415"
"40.497034634,-76.45650612"
"40.481662115,-76.54503503"
"40.481682604,-76.544994617"
"40.480531336,-76.54664365"
"40.479482401,-76.541298616"
"40.497023113,-76.455544753"
"40.496408057,-76.462709685"
"40.482907161,-76.522538254"
"40.480330979,-76.528555175"
"40.481952507,-76.550618657"
"40.479482401,-76.541298616"
"40.479919138,-76.536575741"
"40.480527137,-76.531514059"
"40.478546541,-76.528168922"
"40.482119956,-76.519871055"
"40.496840448,-76.473759664"
"40.496115936,-76.46599486"
"40.496408057,-76.462709685"
"40.496575042,-76.448972548"
"40.496483233,-76.448769314"
"40.49787638,-76.571443533"
"40.496665233,-76.559666951"
"40.486309967,-76.63250371"
"40.501932207,-76.607118457"
"40.49659459,-76.597636327"
"40.494272511,-76.554048065"
"40.491655309,-76.552496276"
"40.496301964,-76.59329331"
"40.489654565,-76.550616052"
"40.484088343,-76.549723748"
"40.497697047,-76.595058076"
"40.502712529,-76.559839569"
"40.495694323,-76.557119056"
"40.495168735,-76.555765757"
"40.493518369,-76.55352087"
"40.484372182,-76.549725415"
"40.447139584,-76.755338328"
"40.451004722,-76.775661124"
"40.478246726,-76.654778031"
"40.474692679,-76.664502915"
"40.465729274,-76.684340155"
"40.457054768,-76.699705645"
"40.486334572,-76.6341354"
"40.453242457,-76.710575107"
"40.451736101,-76.7761427"
"40.456603545,-76.713447482"
"40.45486166,-76.720385792"
"40.454277915,-76.711016607"
"41.236795048,-74.474795279"
"41.232673618,-74.471395435"
"41.235191866,-74.472009424"
"41.234869337,-74.471796337"
"41.228895352,-74.466963356"
"41.203821419,-74.411873717"
"41.201544364,-74.391422252"
"41.203620074,-74.410067518"
"41.238306781,-74.485801407"
"41.238635778,-74.485958318"
"41.235673406,-74.480317258"
"41.237196083,-74.474046893"
"41.229715547,-74.46893911"
"41.229715547,-74.46893911"
"41.227938638,-74.467363197"
"41.220530726,-74.457932807"
"41.219580635,-74.456346328"
"41.214454665,-74.421023881"
"41.599574228,-73.646933617"
"41.544945965,-73.719255018"
"41.543326485,-73.71517948"
"41.549284182,-73.708988393"
"41.564799751,-73.691304811"
"41.567703103,-73.685942484"
"41.591089241,-73.658023004"
"41.606891277,-73.619179163"
"41.543529595,-73.728985093"
"41.571477563,-73.680328448"
"41.596776411,-73.647723234"
"41.59435692,-73.654657814"
"41.6029381,-73.611450849"
"41.543970218,-73.717813852"
"41.544237777,-73.713796715"
"41.550201254,-73.708652245"
"41.553623526,-73.703949691"
"41.553707699,-73.703734874"
"41.565049667,-73.690434681"
"41.564120849,-73.68815283"
"41.568447934,-73.685415632"
"41.571228596,-73.680591099"
"41.596937552,-73.647663328"
"41.544156257,-73.71395817"
"41.539742441,-73.735594272"
"41.51147528,-73.805826002"
"41.540332602,-73.735880834"
"41.540815102,-73.732983152"
"41.515515923,-73.793669586"
"41.529656234,-73.768892383"
"41.512702798,-73.78849477"
"41.417247945,-73.876481634"
"41.41941935,-73.863510405"
"41.42447691,-73.856230256"
"41.430752255,-73.850143752"
"41.37082136,-73.906126028"
"41.373474097,-73.903799465"
"41.400329924,-73.876548652"
"41.414934214,-73.877597628"
"41.430969244,-73.849513569"
"41.452634232,-73.837908992"
"41.378695619,-73.896542538"
"41.387687226,-73.878738875"
"41.41175482,-73.880516323"
"41.453218184,-73.836002719"
"41.36920385,-73.907078497"
"43.758092965,-72.122818231"
"43.901210505,-71.98516937"
"43.893440909,-71.993030456"
"43.885737968,-72.000955142"
"43.9012978,-71.981747487"
"43.901402818,-71.984771667"
"43.896312513,-71.98930621"
"43.893737164,-71.992776114"
"43.891142738,-71.995142826"
"43.885440572,-72.001042717"
"43.885784469,-72.023240018"
"43.833359519,-72.030475943"
"43.824132353,-72.05261551"
"43.86578399,-72.037072323"
"43.989718612,-71.899206677"
"43.988156162,-71.899509177"
"43.949383527,-71.947079257"
"43.907309696,-71.976902555"
"43.990497123,-71.899873443"
"43.953494507,-71.943991316"
"43.984510981,-71.902045664"
"43.982777071,-71.928082991"
"43.95383741,-71.945649317"
"43.946093905,-71.949925834"
"43.9039206,-71.978836601"
"39.906799716,-77.488354055"
"39.955079379,-77.481172678"
"39.94714169,-77.49106945"
"39.935114057,-77.487955537"
"39.899267986,-77.490255395"
"39.893815888,-77.491351648"
"39.902326717,-77.488814958"
"39.893815888,-77.491351648"
"39.945897696,-77.490319097"
"39.945990871,-77.490450297"
"39.955079379,-77.481172678"
"39.972724142,-77.471367149"
"39.871356056,-77.500742998"
"39.849543002,-77.508648042"
"39.972724142,-77.471367149"
"39.956600802,-77.481738667"
"39.931634308,-77.48592154"
"39.947084481,-77.491077042"
"39.877942873,-77.49821404"
"39.889170461,-77.494003817"
"39.884960137,-77.494717466"
"39.881227789,-77.497861518"
"39.904493625,-77.489325783"
"39.89107687,-77.492641397"
"39.879693653,-77.498064141"
"40.034112384,-77.319752187"
"39.974775804,-77.451067574"
"39.976949973,-77.438981574"
"39.984911289,-77.426769086"
"39.985143899,-77.418346867"
"39.98797513,-77.415018713"
"40.033528805,-77.356809469"
"40.038162981,-77.329544132"
"40.032412372,-77.312161253"
"40.009538465,-77.390377637"
"40.009143145,-77.393261478"
"40.038392887,-77.328258228"
"40.023366141,-77.372824761"
"39.976044468,-77.459196196"
"40.000974524,-77.402533796"
"39.977188847,-77.452222929"
"39.979768302,-77.433937808"
"39.985233468,-77.419419024"
"39.994595115,-77.410200774"
"40.028907686,-77.366129891"
"40.011999883,-77.383766742"
"40.022741047,-77.373451596"
"40.582122472,-75.987004065"
"40.582648105,-75.98477627"
"40.587985171,-75.961180105"
"40.587696445,-75.956992755"
"40.588878777,-75.968094181"
"40.577815418,-76.026192462"
"40.579398414,-76.024892968"
"40.574498777,-76.020078333"
"40.583105611,-75.980360529"
"40.587508913,-75.970895382"
"40.817657055,-75.440507128"
"40.814163123,-75.475632515"
"40.817948213,-75.453612565"
"40.813240099,-75.47829649"
"40.808738415,-75.512264836"
"40.808550693,-75.516945282"
"40.824004117,-75.41853285"
"40.807949001,-75.535210205"
"40.814424182,-75.475288133"
"40.813797502,-75.476073085"
"40.81648143,-75.465241061"
"40.817701289,-75.440644272"
"40.818272063,-75.443007772"
"41.063311199,-74.957358115"
"41.063197232,-74.956221887"
"41.327414757,-74.645962417"
"41.31871745,-74.611301064"
"41.311693652,-74.596020079"
"41.311197453,-74.595274141"
"41.310066292,-74.592426731"
"41.296507694,-74.562635714"
"41.328950607,-74.641331988"
"41.322016931,-74.618289032"
"41.322074947,-74.617880738"
"41.310066292,-74.592426731"
"41.307163402,-74.585680554"
"41.306876091,-74.584456393"
"41.304935278,-74.582883001"
"41.302230266,-74.575590931"
"41.327069439,-74.646173404"
"41.328455432,-74.643252081"
"41.316378752,-74.608135886"
"41.31871745,-74.611301064"
"41.302607968,-74.577946673"
"41.322016931,-74.618289032"
"41.307380534,-74.586012733"
"41.307004691,-74.585374318"
"41.306534586,-74.584025348"
"41.303510168,-74.580826471"
"41.302607968,-74.577946673"
"41.266813916,-74.511045231"
"41.252332118,-74.501241526"
"41.248217645,-74.497865866"
"41.266704913,-74.51144863"
"41.252362118,-74.501256526"
"41.252187115,-74.501174855"
"41.201426155,-74.385279439"
"41.194973854,-74.373814551"
"41.201657739,-74.38843417"
"41.194973854,-74.373814551"
"41.194620996,-74.367543288"
"41.195650752,-74.363783972"
"41.195776894,-74.370801895"
"41.200520439,-74.328391511"
"41.195262969,-74.37173403"
"41.209457462,-74.317332268"
"41.216630123,-74.314125018"
"41.19538196,-74.354287391"
"41.223227387,-74.308155342"
"41.236700843,-74.293794902"
"41.240688113,-74.290582992"
"41.242650068,-74.286658192"
"41.191665292,-74.344027036"
"41.23322805,-74.297001623"
"41.24117838,-74.287816018"
"41.202997994,-74.323715262"
"41.244227861,-74.286471308"
"41.195530183,-74.364245809"
"41.194890203,-74.359957161"
"41.195199606,-74.371982954"
"41.200721042,-74.328229669"
"41.191665292,-74.344027036"
"41.263732415,-74.270041176"
"41.25889581,-74.274807285"
"41.245012819,-74.285970286"
"41.271326892,-74.230167637"
"41.275116013,-74.223570967"
"41.249376967,-74.283028072"
"41.26660848,-74.267344749"
"41.273537013,-74.254147877"
"41.26879349,-74.238326879"
"41.274794988,-74.22312939"
"41.268596278,-74.219293808"
"41.247064313,-74.284194497"
"41.274901217,-74.262842581"
"41.273607317,-74.254249387"
"41.269055458,-74.240733088"
"41.274447478,-74.22108008"
"41.270036222,-74.214904614"
"41.269445716,-74.217500285"
"41.245384735,-74.286096179"
"41.260221012,-74.273040927"
"41.271104606,-74.251576189"
"42.033614635,-73.454820198"
"42.035272261,-73.45499463"
"42.036898434,-73.456603449"
"42.02907466,-73.453574371"
"42.033440811,-73.454874495"
"42.037034064,-73.456723963"
"42.028900323,-73.453713714"
"42.007391501,-73.442705835"
"41.994230092,-73.428161713"
"42.018778986,-73.45541687"
"42.019907682,-73.454775222"
"42.019376515,-73.455146773"
"42.021255708,-73.454630111"
"42.022370382,-73.455035527"
"42.022547779,-73.455059399"
"42.024996359,-73.452395953"
"42.028758848,-73.453822467"
"42.004539992,-73.445897293"
"42.007130333,-73.442567252"
"42.049578089,-73.454503858"
"41.956091216,-73.367677317"
"41.993221572,-73.409540197"
"41.977014369,-73.400931388"
"41.989227938,-73.417744421"
"41.990322299,-73.421601627"
"41.939641867,-73.361979195"
"41.960589978,-73.37366809"
"41.961071832,-73.37380207"
"41.959521177,-73.373136842"
"41.958251978,-73.370010284"
"41.958097011,-73.371198034"
"41.968829068,-73.377563471"
"41.932811209,-73.362598123"
"41.93066501,-73.362258804"
"41.940960103,-73.362227313"
"41.94044167,-73.361951126"
"41.942408458,-73.362367354"
"41.959028298,-73.372833536"
"41.959081143,-73.37288684"
"41.96747531,-73.377582521"
"41.942578314,-73.362358849"
"41.946890503,-73.361904644"
"41.948264368,-73.366630357"
"41.942578314,-73.362358849"
"41.949254408,-73.367566974"
"41.993992038,-73.426530582"
"41.991571352,-73.415502993"
"41.991606537,-73.415472973"
"41.992844111,-73.409239209"
"41.974443769,-73.400929495"
"41.967336683,-73.377547491"
"41.959321236,-73.373055833"
"41.95827786,-73.371505172"
"41.939698178,-73.361942293"
"41.932800466,-73.363382925"
"39.498889216,-77.623166886"
"39.499734602,-77.622785695"
"39.500982353,-77.622682633"
"39.461998292,-77.628524571"
"39.455992206,-77.625335225"
"39.451644169,-77.622869725"
"39.442995811,-77.634807228"
"39.410116637,-77.64020559"
"39.405833705,-77.639609975"
"39.489774289,-77.615796926"
"39.516467435,-77.61829136"
"39.535017641,-77.607164227"
"39.531123476,-77.609684863"
"39.533167505,-77.608884165"
"39.527693099,-77.612715994"
"39.540438706,-77.602569575"
"39.582555579,-77.584873502"
"39.608596456,-77.576729552"
"39.612288213,-77.574864185"
"39.575204812,-77.589379975"
"39.535054322,-77.605847198"
"39.534645015,-77.607816803"
"39.52722803,-77.612789984"
"39.538471923,-77.603795696"
"39.559421122,-77.595364943"
"39.580598659,-77.587463121"
"39.600233264,-77.577724106"
"39.605473896,-77.576891852"
"39.622329885,-77.569534039"
"39.629715459,-77.55962032"
"41.221415159,-74.45950822"
"41.220282553,-74.457620803"
"41.288619061,-74.551759048"
"41.280030689,-74.534538261"
"41.276563343,-74.537391717"
"41.273998494,-74.534464226"
"41.272773269,-74.531353062"
"41.280645159,-74.53401326"
"41.275869622,-74.528418156"
"41.285282747,-74.530823027"
"41.291898566,-74.558261796"
"41.294940503,-74.559557968"
"41.291898566,-74.558261796"
"41.29618459,-74.561906613"
"41.29612695,-74.561662808"
"41.295857068,-74.560391916"
"41.289215347,-74.546357227"
"41.289075265,-74.546245738"
"41.288195898,-74.545359183"
"41.287798502,-74.539090011"
"41.287264695,-74.540354054"
"41.288195898,-74.545359183"
"41.272813649,-74.521601021"
"41.295857068,-74.560391916"
"41.288387276,-74.556381258"
"41.273079669,-74.521458386"
"41.262391371,-74.67832094"
"41.269281847,-74.681726559"
"41.305465151,-74.669938241"
"41.269202626,-74.681671794"
"41.262391371,-74.67832094"
"41.262724934,-74.678005932"
"41.270110233,-74.681649779"
"41.267894156,-74.678503039"
"41.303389293,-74.671867515"
"41.119420736,-74.885270898"
"41.119420736,-74.885270898"
"41.120498765,-74.884812014"
"41.117172575,-74.889517668"
"41.108904894,-74.900034177"
"41.110091102,-74.899503313"
"41.172289473,-74.792312753"
"41.177255005,-74.79123395"
"41.142728691,-74.856108398"
"41.144275222,-74.853750379"
"41.094991283,-74.905421795"
"41.100540383,-74.900392224"
"41.107207692,-74.90008673"
"41.131770624,-74.86987464"
"41.130029719,-74.871083168"
"41.130980691,-74.868969286"
"41.150793245,-74.839510878"
"41.153922082,-74.831615884"
"41.154481101,-74.83088129"
"41.160801995,-74.814722051"
"41.150793245,-74.839510878"
"41.146570504,-74.84968571"
"41.144611583,-74.853195745"
"41.130980691,-74.868969286"
"41.130029719,-74.871083168"
"41.129645898,-74.872452759"
"41.126311147,-74.876078561"
"41.100540383,-74.900392224"
"41.094991283,-74.905421795"
"41.093432214,-74.90805591"
"41.08931008,-74.912343091"
"41.107207692,-74.90008673"
"41.122021591,-74.882028691"
"41.171402072,-74.793529872"
"41.17294187,-74.79178384"
"41.175170026,-74.79089622"
"41.141819474,-74.857257454"
"41.144611583,-74.853195745"
"41.079519581,-74.925292325"
"41.08931008,-74.912343091"
"41.079519581,-74.925292325"
"41.074650346,-74.933882133"
"41.058888081,-74.96237571"
"41.059380742,-74.963609288"
"41.063311199,-74.957358115"
"41.196711035,-74.754903527"
"41.201264274,-74.747920696"
"41.202724576,-74.746462355"
"41.20210149,-74.746890205"
"41.217336416,-74.721474252"
"41.226089032,-74.710473647"
"41.244759089,-74.691711772"
"41.244231398,-74.691778931"
"41.217336416,-74.721474252"
"41.20992335,-74.73630758"
"41.204024377,-74.744161515"
"41.202724576,-74.746462355"
"41.199372184,-74.750190948"
"41.192059957,-74.761852307"
"41.192059957,-74.761852307"
"41.190071186,-74.764524399"
"41.190071186,-74.764524399"
"41.181241967,-74.781305626"
"41.07029331,-74.941537175"
"41.067078368,-74.947070836"
"41.252596782,-74.689509204"
"41.181241967,-74.781305626"
"41.074650346,-74.933882133"
"41.062997243,-74.955087433"
"40.781279752,-75.608394393"
"40.780754305,-75.638196465"
"40.780800886,-75.633983194"
"40.779944036,-75.647712842"
"40.779510808,-75.653170562"
"40.769872483,-75.694042119"
"40.769758424,-75.694182011"
"40.801768169,-75.56552208"
"40.801519211,-75.568891823"
"40.799528598,-75.574979271"
"40.792560485,-75.598385063"
"40.795907832,-75.588631745"
"40.807919879,-75.536446572"
"40.806380314,-75.546971537"
"40.783588181,-75.6059648"
"40.780892682,-75.610325705"
"40.77157139,-75.689602337"
"40.776125915,-75.675144814"
"40.777580477,-75.667198236"
"40.779813918,-75.646432871"
"40.782146264,-75.621023085"
"40.78645367,-75.603254208"
"40.782553698,-75.604306169"
"40.78931123,-75.60148077"
"40.793157384,-75.596295293"
"40.806999169,-75.544039263"
"40.781187995,-75.608700658"
"40.526962031,-76.223541798"
"40.55750249,-76.121797558"
"40.550360612,-76.147541684"
"40.541521426,-76.149554443"
"40.537239978,-76.163540034"
"40.558439183,-76.11737546"
"40.528359387,-76.215232945"
"40.522257056,-76.256117229"
"40.506923538,-76.377090044"
"40.521340071,-76.260835146"
"40.523537116,-76.248903321"
"40.525754988,-76.234269605"
"40.515375367,-76.314986264"
"40.513717469,-76.30614148"
"40.510871142,-76.35257867"
"40.510361439,-76.357530502"
"40.513717469,-76.30614148"
"40.52422106,-76.23945673"
"45.578781164,-69.224912651"
"45.561058272,-69.234792362"
"45.615097929,-69.163199306"
"45.589039619,-69.20654511"
"45.530817502,-69.314402691"
"45.530817502,-69.314402691"
"45.527594995,-69.316244096"
"43.654876891,-72.566109518"
"43.703435667,-72.29856683"
"43.724570227,-72.363875195"
"43.723253455,-72.361154411"
"43.725067717,-72.36450727"
"43.726164422,-72.366705128"
"43.726170255,-72.374108307"
"43.713262078,-72.340901474"
"43.707340011,-72.334410967"
"43.724706105,-72.388772165"
"43.726454829,-72.384620128"
"43.710681677,-72.325482982"
"43.711572829,-72.323754"
"43.709192686,-72.325957773"
"43.706607602,-72.33011321"
"43.706760192,-72.330895841"
"43.707386819,-72.332462506"
"43.707521238,-72.331450189"
"43.718404489,-72.359791129"
"43.718339018,-72.359804045"
"43.717490049,-72.357220804"
"43.717361856,-72.353520023"
"43.715973247,-72.350498154"
"43.725175633,-72.386642052"
"43.718575042,-72.400292398"
"43.718446502,-72.399904731"
"43.718135528,-72.398701487"
"43.718463866,-72.394394254"
"43.719789693,-72.392433934"
"43.720855488,-72.3913679"
"43.721060795,-72.407235455"
"43.719131743,-72.360608097"
"43.727700254,-72.377308388"
"43.720857347,-72.41321361"
"43.720858732,-72.413216043"
"43.710274461,-72.322081531"
"43.713206713,-72.308282788"
"43.697002585,-72.280526209"
"43.700922194,-72.289326799"
"43.702363209,-72.289203114"
"43.703929493,-72.300679325"
"43.657485836,-72.562974762"
"43.667126694,-72.562252936"
"43.654697744,-72.56551498"
"43.667355596,-72.562132291"
"43.671912927,-72.554128048"
"43.660255488,-72.563375413"
"43.65578929,-72.564240105"
"43.71224373,-72.417596226"
"43.704616347,-72.46025125"
"43.703787623,-72.466595886"
"43.684919503,-72.512307588"
"43.68207251,-72.513610201"
"43.685002626,-72.534891148"
"43.68267085,-72.536658602"
"43.675345343,-72.540895894"
"43.677882836,-72.521445787"
"43.690044834,-72.480824915"
"43.69664792,-72.47702469"
"43.702501401,-72.470844797"
"43.70799413,-72.448604923"
"43.702307439,-72.441187243"
"43.704647044,-72.436858035"
"43.710596525,-72.432119309"
"43.710344655,-72.423658572"
"43.675168773,-72.550698194"
"43.687037685,-72.49041611"
"43.684999465,-72.512207711"
"43.687757328,-72.49353522"
"43.704898311,-72.45514054"
"43.681381533,-72.529619922"
"43.71005604,-72.422880442"
"43.704650003,-72.460520283"
"43.705323967,-72.457978485"
"43.70571031,-72.463984307"
"43.7022838,-72.466542207"
"43.684923495,-72.512301126"
"43.677675958,-72.517838508"
"43.684827132,-72.534208624"
"43.678571771,-72.53813896"
"43.712649288,-72.417617836"
"43.717344896,-72.417959194"
"43.712649288,-72.417617836"
"43.712019585,-72.418486781"
"43.711826883,-72.419218172"
"43.6846429,-72.533838368"
"43.79689654,-72.071587346"
"43.757517839,-72.122856941"
"43.753132533,-72.124392353"
"43.796818781,-72.073510623"
"43.757908148,-72.122864726"
"43.753383553,-72.124550541"
"43.751400319,-72.129935747"
"45.823654988,-69.132745765"
"45.835300024,-68.967766474"
"45.83519196,-68.960441653"
"45.835226341,-68.963785638"
"45.829371703,-68.975154758"
"45.805240709,-69.070758562"
"45.779402027,-69.172682453"
"45.779464433,-69.172514889"
"45.77939644,-69.172825786"
"45.823000533,-69.136042382"
"41.269856483,-74.215478505"
"41.265539264,-74.154243253"
"41.271682693,-74.164385405"
"41.268311243,-74.100066255"
"41.272095911,-74.168609012"
"41.269618457,-74.159967124"
"41.264643436,-74.104374074"
"41.263936969,-74.10472262"
"41.264495722,-74.104491112"
"41.270251788,-74.212591016"
"41.266205591,-74.156773424"
"41.263906704,-74.104716957"
"41.263608516,-74.150612714"
"41.283836533,-74.040101174"
"41.283974664,-74.040449213"
"41.285442458,-74.015305365"
"41.29116327,-74.016365688"
"41.288555386,-74.081881187"
"41.289384087,-74.081198105"
"41.277471808,-74.069805969"
"41.276729162,-74.059829142"
"41.27922384,-74.059885013"
"41.284130867,-74.016532149"
"41.287394903,-74.082629399"
"41.278380677,-74.070592403"
"41.275753882,-74.065709249"
"41.284666012,-74.019382149"
"41.293867809,-74.017165776"
"41.295615653,-74.017268902"
"41.294655239,-74.017227748"
"41.285830888,-74.046390359"
"41.303954856,-74.01339142"
"41.297000875,-74.017307475"
"41.602802021,-73.610803429"
"41.594121388,-73.583730766"
"41.593842843,-73.586749024"
"41.603338961,-73.605852632"
"41.603146902,-73.607706162"
"41.594037051,-73.593136877"
"41.593830145,-73.587040752"
"41.603533646,-73.603717883"
"41.603218276,-73.606916015"
"41.640371769,-73.521710112"
"41.641683319,-73.520747714"
"41.614114539,-73.563357291"
"41.640118794,-73.523822904"
"41.625616943,-73.553647871"
"41.59877531,-73.5749191"
"43.217192698,-72.962066877"
"43.207346606,-72.968929013"
"43.228438774,-72.939812861"
"43.228025508,-72.939695118"
"43.25773697,-72.938257494"
"42.063208093,-73.437306261"
"42.051691946,-73.438834582"
"42.108564604,-73.434224935"
"42.081247242,-73.431572521"
"42.088164241,-73.436066175"
"42.101986847,-73.4325207"
"42.101802404,-73.432101627"
"42.051884082,-73.437974535"
"42.05991279,-73.437307331"
"42.05269505,-73.437770362"
"42.092079746,-73.437401653"
"42.09267731,-73.436860256"
"42.093458222,-73.436819099"
"42.093819623,-73.43544301"
"42.093945852,-73.43511056"
"42.09457383,-73.434408537"
"42.094470098,-73.434425825"
"42.073675112,-73.432710414"
"42.068134232,-73.436203927"
"42.107380934,-73.43490549"
"42.068134232,-73.436203927"
"42.060811993,-73.437472943"
"42.051687941,-73.438514503"
"42.052197704,-73.440967879"
"42.144408043,-73.431161048"
"42.052938612,-73.45213724"
"42.146604704,-73.389360009"
"42.152808263,-73.368598676"
"42.146603098,-73.39170773"
"42.145533455,-73.408927737"
"42.143900605,-73.358916033"
"42.146751995,-73.385899468"
"42.153493078,-73.364099466"
"42.147308474,-73.392830263"
"42.146777226,-73.38923592"
"42.144369036,-73.35998298"
"42.153013393,-73.366724577"
"42.150537675,-73.377595472"
"42.147179864,-73.391876349"
"42.146255864,-73.389709221"
"42.14721275,-73.412464733"
"42.144902539,-73.404987525"
"42.154918971,-73.341156042"
"42.14553344,-73.419352689"
"42.145823499,-73.418499214"
"42.144966891,-73.404655513"
"42.147264858,-73.392535113"
"42.153062841,-73.368484033"
"42.185232427,-73.291226646"
"42.183869856,-73.290736055"
"42.179176611,-73.290756644"
"42.187177607,-73.29115763"
"42.191057725,-73.286718722"
"42.189734561,-73.28681069"
"42.194993408,-73.28502825"
"42.188941803,-73.286697789"
"42.191018728,-73.286729412"
"42.194854054,-73.285059153"
"42.191856857,-73.286901856"
"42.186461249,-73.291444621"
"42.184401657,-73.290692205"
"42.177344791,-73.291490129"
"42.195098282,-73.285008505"
"42.164445928,-73.3153017"
"42.629677026,-73.178195143"
"42.632630607,-73.173784503"
"42.627367247,-73.179879444"
"42.60715153,-73.18510525"
"41.378824948,-73.896304054"
"41.319740819,-73.979552864"
"41.319922162,-73.988330244"
"41.319864573,-73.981311803"
"41.325632225,-73.966097303"
"41.319920137,-73.988166961"
"41.354110417,-73.936570396"
"41.353703931,-73.93676551"
"41.352324123,-73.919720658"
"41.308630714,-74.0106332"
"41.308188608,-74.000573429"
"41.313043504,-73.991277816"
"41.31972084,-73.979520793"
"41.323763103,-73.968761592"
"41.327784555,-73.955774868"
"41.319864248,-73.988536723"
"41.806156426,-73.394086141"
"41.798690928,-73.40067796"
"41.798809584,-73.400783389"
"41.782834301,-73.41431347"
"41.767884838,-73.438494866"
"41.815097467,-73.391428336"
"41.811704648,-73.39084544"
"41.803221754,-73.396582221"
"41.757827937,-73.450550755"
"41.822605302,-73.386100439"
"41.862747076,-73.389397243"
"41.844777436,-73.385319571"
"44.453559781,-71.070073647"
"44.258735217,-71.31889586"
"44.013919858,-71.839642314"
"44.000408521,-71.870257627"
"44.023400764,-71.831565199"
"43.997557022,-71.875469916"
"43.998011011,-71.882184846"
"44.029345962,-71.815816785"
"44.013164371,-71.839966252"
"43.997742017,-71.875434483"
"43.997226466,-71.879259681"
"43.99751861,-71.88737585"
"44.04053966,-71.792707791"
"39.846464186,-77.506908641"
"39.83518751,-77.489682272"
"39.785110699,-77.482416722"
"39.753472774,-77.492716411"
"39.748810252,-77.490344329"
"39.748623253,-77.490044249"
"39.743982303,-77.489526596"
"39.748414177,-77.489954477"
"39.846069498,-77.50559556"
"39.743814965,-77.48903741"
"39.823968789,-77.476171501"
"39.797410621,-77.479779853"
"39.848546793,-77.50664168"
"39.83584878,-77.501586142"
"39.832098105,-77.483902629"
"39.79289228,-77.482562453"
"39.77211948,-77.480518994"
"39.749859341,-77.492079313"
"39.845624276,-77.505517523"
"39.745477238,-77.4904211"
"44.304646464,-71.261909124"
"44.281501696,-71.253244074"
"45.799113346,-69.170405539"
"45.799113346,-69.170405539"
"45.270632827,-69.746164984"
"45.249810856,-69.830964988"
"45.270962944,-69.764207188"
"45.269301341,-69.750547983"
"45.270591509,-69.746253057"
"45.270671946,-69.745907247"
"45.247395629,-69.825950846"
"45.25599407,-69.801760995"
"45.258426082,-69.801430998"
"45.258988882,-69.801436698"
"45.259104509,-69.800963291"
"45.263526847,-69.771889166"
"45.27834181,-69.711881387"
"45.271753753,-69.665626504"
"45.271774227,-69.66448632"
"45.247443795,-69.825814627"
"45.256065955,-69.801620476"
"45.278282821,-69.711758741"
"45.178425514,-70.072500216"
"45.179998388,-70.067279777"
"45.179941986,-70.067451788"
"45.176934211,-70.073430529"
"45.176067763,-70.076780785"
"45.174334551,-70.077170899"
"45.167138688,-70.087385424"
"45.165973642,-70.09725904"
"45.165973642,-70.09725904"
"45.1648543,-70.096886128"
"45.164653456,-70.096810547"
"45.159798951,-70.095852195"
"45.203288358,-70.073106715"
"45.190564529,-70.05683326"
"45.190473003,-70.05676467"
"45.184260495,-70.059205559"
"45.18011186,-70.067055064"
"45.158481954,-70.099437779"
"45.158444389,-70.105819127"
"45.158465611,-70.10590509"
"45.157103589,-70.112339044"
"45.180013194,-70.067203145"
"45.179941986,-70.067451788"
"45.176067763,-70.076780785"
"45.174334551,-70.077170899"
"45.166087382,-70.097216001"
"45.164943673,-70.096902255"
"45.164653456,-70.096810547"
"45.159798951,-70.095852195"
"45.158799969,-70.097779337"
"45.190646322,-70.056906195"
"45.190473003,-70.05676467"
"45.184260495,-70.059205559"
"45.180224977,-70.066944297"
"45.158084999,-70.104267249"
"45.158465611,-70.10590509"
"45.241930873,-70.027583225"
"45.238865027,-70.046437844"
"45.238093931,-69.996471687"
"45.241629588,-70.022615456"
"45.241521275,-70.028509735"
"45.241848877,-70.027559058"
"45.241521275,-70.028509735"
"45.240914268,-70.035318839"
"45.239721597,-70.055516434"
"45.561058272,-69.234792362"
"45.554421342,-69.246276124"
"45.552620961,-69.272241863"
"45.54457314,-69.307050198"
"45.51857524,-69.321713969"
"45.493790724,-69.3072584"
"45.484685268,-69.303305214"
"45.479387416,-69.290729329"
"45.480421113,-69.287117385"
"45.480281251,-69.287004836"
"45.527594995,-69.316244096"
"45.484685268,-69.303305214"
"45.480445339,-69.287262856"
"45.480281251,-69.287004836"
"45.622676262,-69.122283725"
"45.625042894,-69.114520062"
"45.625573073,-69.114352898"
"45.627678084,-69.110217096"
"45.62850495,-69.104638972"
"45.631761376,-69.101851642"
"45.633746775,-69.098357361"
"45.636127043,-69.095444852"
"45.639136039,-69.091235952"
"45.639796275,-69.089814329"
"45.640348605,-69.088112916"
"45.644766106,-69.070689761"
"45.645632023,-69.069872288"
"45.649954603,-69.059029907"
"45.649941176,-69.056701052"
"45.650582321,-69.048685785"
"45.651084677,-69.048864216"
"45.651989891,-69.050325646"
"45.653068529,-69.04904469"
"45.652954321,-69.046645986"
"45.65280483,-69.045846147"
"45.651190537,-69.031302359"
"45.625489042,-69.114418926"
"45.6264796,-69.113735902"
"45.627749789,-69.110084279"
"45.631861419,-69.101729472"
"45.633822543,-69.098026757"
"45.636389119,-69.095445709"
"45.639852781,-69.089751346"
"45.645235679,-69.070271092"
"45.646265139,-69.068848699"
"45.649899348,-69.056461882"
"45.65073544,-69.048730247"
"45.65123926,-69.048944432"
"45.652335381,-69.050017058"
"45.652574718,-69.049851681"
"45.653112322,-69.048348084"
"45.652901197,-69.046451592"
"45.652741184,-69.045694314"
"45.639217178,-69.090983122"
"45.737104681,-69.107657969"
"45.757118731,-69.165226365"
"45.757386425,-69.16625254"
"45.770034791,-69.178127811"
"45.773626522,-69.184927755"
"45.77939644,-69.172825786"
"45.736127182,-69.114096155"
"45.744202594,-69.138069966"
"45.747124898,-69.144427777"
"45.665594656,-68.990463251"
"45.650817105,-69.018798483"
"45.651151316,-69.015461582"
"45.651966306,-69.014259467"
"45.654876656,-69.007985168"
"45.661154675,-68.992478087"
"45.66400781,-68.991967971"
"45.665416274,-68.990496613"
"45.666012097,-68.990427667"
"45.678078757,-69.004525662"
"44.30700437,-71.260648877"
"44.305071283,-71.261316578"
"44.316980218,-71.26009911"
"44.308781793,-71.255023625"
"44.291538397,-71.31699441"
"44.281350904,-71.253039361"
"44.281117851,-71.253080187"
"44.279600321,-71.253933974"
"44.278965698,-71.254407047"
"44.278127945,-71.253405187"
"44.26939843,-71.25307146"
"44.262716779,-71.253553857"
"44.262442858,-71.253374678"
"44.261298443,-71.252979284"
"44.258718157,-71.252923813"
"44.257886551,-71.253289714"
"44.257498616,-71.25332297"
"44.257094823,-71.252934956"
"44.2814939,-71.25323349"
"44.281501696,-71.253244074"
"39.002533859,-77.980691344"
"39.002533859,-77.980691344"
"45.379634855,-69.473032194"
"45.331857082,-69.535245753"
"45.33280704,-69.531866417"
"45.340148209,-69.524976369"
"45.340839874,-69.522955338"
"45.351461677,-69.498516412"
"45.351800128,-69.497867357"
"45.352405332,-69.495278776"
"45.351427217,-69.483770351"
"45.352167208,-69.484198518"
"45.353995272,-69.479833411"
"45.378585645,-69.470757442"
"45.398684564,-69.470822171"
"45.399015035,-69.459534382"
"45.399627114,-69.447636433"
"45.379780742,-69.471468317"
"45.331923241,-69.53517445"
"45.332953756,-69.531908128"
"45.340564711,-69.524614681"
"45.281899316,-69.626949107"
"45.286973642,-69.608243089"
"45.285748058,-69.586016162"
"42.63794645,-73.165520097"
"42.638021077,-73.165533665"
"41.420298662,-73.871125478"
"42.701189181,-73.155119177"
"42.725202785,-73.155587731"
"42.720956145,-73.154040618"
"42.699818263,-73.15577232"
"42.700179135,-73.155677025"
"42.701251369,-73.152342495"
"42.693274611,-73.15712933"
"42.713561675,-73.149644811"
"42.719942662,-73.152409986"
"42.711932107,-73.149631588"
"42.727195576,-73.16100014"
"42.725775191,-73.157649856"
"42.721830362,-73.154465174"
"42.720149003,-73.153755544"
"42.701760329,-73.15229437"
"42.743728647,-73.155561279"
"42.774979192,-73.133106325"
"43.053279648,-72.972036568"
"43.034621376,-73.036222988"
"43.033550277,-73.025692167"
"43.041110358,-73.023805242"
"43.045110025,-73.014465425"
"43.050211496,-73.012761834"
"43.043901693,-73.016615995"
"42.980236986,-73.070555815"
"42.980423075,-73.070479804"
"43.016911685,-73.04107801"
"43.035242428,-73.038503691"
"43.018498005,-73.039491609"
"42.992612902,-73.068809316"
"43.014378742,-73.043401072"
"43.034233201,-73.040440108"
"43.053290295,-72.974711085"
"43.061018409,-72.967651739"
"42.977611611,-73.071597507"
"43.020291867,-73.037636387"
"42.894314554,-73.092229477"
"42.902517034,-73.091903579"
"42.935576141,-73.06570466"
"42.939742046,-73.061611773"
"42.946936674,-73.063361878"
"42.955093837,-73.060802386"
"42.88838763,-73.096655436"
"42.929158944,-73.072602583"
"42.906517251,-73.087502633"
"42.95608211,-73.061268269"
"42.924230003,-73.071765179"
"42.974059627,-73.072270596"
"42.88790061,-73.096511027"
"43.67436433,-72.84027335"
"43.670865401,-72.849604323"
"43.670865401,-72.849604323"
"43.577746906,-72.834206437"
"43.568758502,-72.84008167"
"43.566714926,-72.843260088"
"43.557131731,-72.853236576"
"43.576845513,-72.835017409"
"43.614981942,-72.821133767"
"43.621931425,-72.823182124"
"43.629323537,-72.827004261"
"43.636199451,-72.834015161"
"43.638309083,-72.844279976"
"43.644645512,-72.849493223"
"43.663507174,-72.852295056"
"43.607880912,-72.823734629"
"43.655525524,-72.852777227"
"43.646114172,-72.852809613"
"43.557182983,-72.852661836"
"43.652083526,-72.854056505"
"43.606009426,-72.822488348"
"43.577275209,-72.834493994"
"43.569344892,-72.839807742"
"43.564655226,-72.84833978"
"43.666548894,-72.850117283"
"38.593181218,-78.375391597"
"38.592939429,-78.37655295"
"38.627952934,-78.337870393"
"38.614581846,-78.357943717"
"38.641503346,-78.321537409"
"38.59953702,-78.368063129"
"38.580753396,-78.38586811"
"38.559807881,-78.385466159"
"38.551151171,-78.409436018"
"38.533857192,-78.423801649"
"38.531673624,-78.431186625"
"38.52993361,-78.434457917"
"38.483390186,-78.448086096"
"38.586807633,-78.384630992"
"38.468317911,-78.457218456"
"38.587476739,-78.383858708"
"43.150046721,-72.993918623"
"43.154002342,-73.008347687"
"43.129607734,-72.972898584"
"43.180904047,-72.993749987"
"43.184034699,-72.993514104"
"43.20687015,-72.970740107"
"43.150593088,-72.991840146"
"43.206662718,-72.970870175"
"43.179539196,-72.994134597"
"43.129370643,-72.973240194"
"43.363170894,-72.944484037"
"43.363179682,-72.944487104"
"43.369286454,-72.960848851"
"43.36242035,-72.942234513"
"43.345356596,-72.952825907"
"43.372762256,-72.962421318"
"43.323343812,-72.965177698"
"43.371279538,-72.961301696"
"43.369573442,-72.961080505"
"43.362494946,-72.942282802"
"43.362874268,-72.944398954"
"43.346495139,-72.952898642"
"43.34485772,-72.953533235"
"43.25773697,-72.938257494"
"43.30674496,-72.958316337"
"43.455665462,-72.934107209"
"43.445367916,-72.934934441"
"43.41165653,-72.937813407"
"43.391703254,-72.955594883"
"43.44777248,-72.936511286"
"43.443705927,-72.934617743"
"43.410051308,-72.943861248"
"44.17084094,-71.388119008"
"44.21936937,-71.369856221"
"44.271806046,-71.305551264"
"44.258730884,-71.318868415"
"44.260754125,-71.314035494"
"44.243422552,-71.341693467"
"44.188798718,-71.386375263"
"44.271952154,-71.305509667"
"44.192026283,-71.387306168"
"44.202852821,-71.375290511"
"44.191636793,-71.387180021"
"44.194685735,-71.388437847"
"44.26019344,-71.194726967"
"44.331736016,-71.143268767"
"45.216046979,-70.077331082"
"45.205359448,-70.073171747"
"45.238093931,-69.996471687"
"45.205359448,-70.073171747"
"45.134451199,-70.167563614"
"45.134303715,-70.170795543"
"45.134826029,-70.172567579"
"45.138759865,-70.19205827"
"45.142965614,-70.166097188"
"45.155865952,-70.155690475"
"45.134451199,-70.167563614"
"45.134826029,-70.172567579"
"45.129937257,-70.210564089"
"45.137700304,-70.225311224"
"45.140235347,-70.228125825"
"45.155842618,-70.155497625"
"45.155865952,-70.155690475"
"45.113556852,-70.349396489"
"45.1449737,-70.323144186"
"45.144278931,-70.33015805"
"45.144521736,-70.255706908"
"45.146760341,-70.276147083"
"45.147379029,-70.281887723"
"45.143703509,-70.333024857"
"45.12618016,-70.350033494"
"45.123926331,-70.348950601"
"45.117206818,-70.348835845"
"45.117121454,-70.34895719"
"45.113556852,-70.349396489"
"45.107691735,-70.353224248"
"45.10763111,-70.353290748"
"45.12618016,-70.350033494"
"45.117560939,-70.348548448"
"45.117121454,-70.34895719"
"45.107795242,-70.353150035"
"45.10763111,-70.353290748"
"45.272121728,-69.91638316"
"45.272060076,-69.916151484"
"45.272060076,-69.916151484"
"45.264379605,-69.966811476"
"45.270731756,-69.95464752"
"45.27425888,-69.935527869"
"45.272843441,-69.923865934"
"45.27308051,-69.921803732"
"45.264590683,-69.883365375"
"45.250219305,-69.842943028"
"45.282405366,-69.570673297"
"45.28322089,-69.5661205"
"45.281680638,-69.572466736"
"45.282676366,-69.569663987"
"45.297156905,-69.540026316"
"45.331168382,-69.535963499"
"45.417419149,-69.420311413"
"45.418383057,-69.433787771"
"45.419536928,-69.432244797"
"45.420377155,-69.430987953"
"45.417551788,-69.420938689"
"45.417199047,-69.419776019"
"45.42017959,-69.410453594"
"45.413887887,-69.399179388"
"45.41575667,-69.370723136"
"45.415628344,-69.370394575"
"45.420816449,-69.410841776"
"45.418592659,-69.362388752"
"45.420733761,-69.354727188"
"45.421895326,-69.351719419"
"45.424420286,-69.342994047"
"45.418440063,-69.433687347"
"45.419762149,-69.432107451"
"45.420414896,-69.43084126"
"45.418640052,-69.362182336"
"45.4220215,-69.351296654"
"45.473915598,-69.294433918"
"45.468100591,-69.278391386"
"45.458660106,-69.253516796"
"45.449100887,-69.286324972"
"45.429938868,-69.331741512"
"45.427393061,-69.337446035"
"45.42588529,-69.339261727"
"45.452923329,-69.26306981"
"45.444858627,-69.293930464"
"45.440998955,-69.307806381"
"45.458660106,-69.253516796"
"45.429938868,-69.331741512"
"45.427393061,-69.337446035"
"45.42588529,-69.339261727"
"45.610536962,-69.168955679"
"45.609332843,-69.171706599"
"45.616702987,-69.130635608"
"45.601938758,-69.185781676"
"45.59660273,-69.197850701"
"45.650828638,-69.018291756"
"45.65126867,-69.014979804"
"45.652607853,-69.014030025"
"45.655027283,-69.007686696"
"45.661235963,-68.992351476"
"45.663994904,-68.991628447"
"45.734190396,-69.0368522"
"45.731109787,-69.030063423"
"45.732749622,-69.033795082"
"45.734212688,-69.036923157"
"45.69338087,-69.007574602"
"45.706810216,-69.00847003"
"45.715144297,-69.014597262"
"45.722818973,-69.030150015"
"45.73524895,-69.052286333"
"45.735383285,-69.055284257"
"45.735662575,-69.062218697"
"45.735681613,-69.062500819"
"45.736008152,-69.103484876"
"45.730314295,-69.027804865"
"45.693526038,-69.007473499"
"45.735669502,-69.062335741"
"45.735589423,-69.062545864"
"45.838191003,-68.961441993"
"45.83868274,-68.969225728"
"45.840825422,-68.977441612"
"45.837440439,-68.961019759"
"45.888521988,-68.998660834"
"45.83800235,-68.961337592"
"45.838711111,-68.968921562"
"45.840775246,-68.977425979"
"45.859677089,-69.032225112"
"45.872668961,-69.038399884"
"45.8817763,-69.031915527"
"45.881961074,-69.032191672"
"45.882829206,-69.031100521"
"45.88265058,-69.024515748"
"45.881762503,-69.032015531"
"45.881961074,-69.032191672"
"45.895579928,-68.983622686"
"45.888572688,-68.998586738"
"45.895674621,-68.983683758"
"45.898166972,-68.96082735"
"45.898269331,-68.936666254"
"45.904461387,-68.921515654"
"45.713133641,-69.011837014"
"45.727285551,-69.028469866"
"45.726339783,-69.029274888"
"45.724729006,-69.029789743"
"45.723430839,-69.030064203"
"45.719414624,-69.027498708"
"45.718254508,-69.02587905"
"45.715445683,-69.014993804"
"45.713133641,-69.011837014"
"45.710900575,-69.01196295"
"45.727184426,-69.028582064"
"45.7259521,-69.029527317"
"45.724271513,-69.029835988"
"45.722818973,-69.030150015"
"45.719795907,-69.028940556"
"45.719435893,-69.027309493"
"45.718075656,-69.025658048"
"45.715144297,-69.014597262"
"45.710900575,-69.01196295"
"45.835276114,-68.966513312"
"45.83519196,-68.960441653"
"45.815939188,-69.06161045"
"45.835210936,-68.971798669"
"45.835210936,-68.971798669"
"45.829371703,-68.975154758"
"45.81847884,-69.018501836"
"42.192289841,-73.287286948"
"42.233028728,-73.199368882"
"42.232906529,-73.198875177"
"42.234525896,-73.195676139"
"42.249091864,-73.228214873"
"42.202581578,-73.280502087"
"42.202522952,-73.281331971"
"42.209072351,-73.263718784"
"42.236730275,-73.208142142"
"42.204874771,-73.27126115"
"42.20853837,-73.265433803"
"42.208990706,-73.262836474"
"42.213541824,-73.260646331"
"42.225918655,-73.253560583"
"42.22889231,-73.248108348"
"42.233130196,-73.247740968"
"42.235591437,-73.245423601"
"42.240187686,-73.246595568"
"42.239409817,-73.248296402"
"42.242428603,-73.244331025"
"42.24663914,-73.234753003"
"42.248051171,-73.234560411"
"42.236951904,-73.208426832"
"42.236762255,-73.208302047"
"42.202586709,-73.272503073"
"42.207239139,-73.269073182"
"42.213262883,-73.260854504"
"42.214016703,-73.260128968"
"42.228231329,-73.249865221"
"42.229604292,-73.247544128"
"42.231138752,-73.247501428"
"42.23375737,-73.246930805"
"42.238987514,-73.249220951"
"42.24001547,-73.246760674"
"42.24390799,-73.238703753"
"42.242450216,-73.242756426"
"42.243261677,-73.241441895"
"42.245969381,-73.235169398"
"42.238209341,-73.209308105"
"42.238063514,-73.209307496"
"42.234192598,-73.202116205"
"42.214016703,-73.260128968"
"42.223557488,-73.253660541"
"42.233228547,-73.199759095"
"42.23301017,-73.198600246"
"42.234067387,-73.197139165"
"42.249596857,-73.228214127"
"42.248694076,-73.229285373"
"42.203815453,-73.2783327"
"42.200986378,-73.282622903"
"42.234781945,-73.194625922"
"42.234806732,-73.194283928"
"42.219119726,-73.257004645"
"42.21575697,-73.26001311"
"42.219036528,-73.257103877"
"42.214317883,-73.259768494"
"42.22153809,-73.254346725"
"42.296793205,-73.150350731"
"42.28773183,-73.173289106"
"42.283904678,-73.167430874"
"42.280871916,-73.166951516"
"42.291027973,-73.152474865"
"42.291683163,-73.150864467"
"42.23776713,-73.189254524"
"42.239421815,-73.18744508"
"42.24136953,-73.18713833"
"42.240135764,-73.187370832"
"42.263507841,-73.182275972"
"42.291643352,-73.156129254"
"42.288955876,-73.157100159"
"42.291351403,-73.15775033"
"42.294845566,-73.149342852"
"42.291009778,-73.15260569"
"42.288819674,-73.157278629"
"42.286590404,-73.17250217"
"42.283449462,-73.166268791"
"42.28116294,-73.175753893"
"42.236216852,-73.191817443"
"42.288955876,-73.157100159"
"42.289005644,-73.157161815"
"42.409344265,-73.149771788"
"42.377118595,-73.150589476"
"42.311920521,-73.159698912"
"42.354833331,-73.153824796"
"42.299714936,-73.15022807"
"42.300141198,-73.150094654"
"42.306786175,-73.151299905"
"42.303850016,-73.14841214"
"42.353396328,-73.155664602"
"42.361229709,-73.152839393"
"42.302910533,-73.147489446"
"42.306360631,-73.151092842"
"42.334228213,-73.162126079"
"42.352873931,-73.157182953"
"42.370445176,-73.148127455"
"42.398883143,-73.150401892"
"42.311920521,-73.159698912"
"42.408433954,-73.150063718"
"42.377120951,-73.150587278"
"42.376662305,-73.151734471"
"42.376662579,-73.1517346"
"42.296938714,-73.150336774"
"42.407978708,-73.150721634"
"44.27167955,-71.175679538"
"44.400820919,-71.109366931"
"44.37553981,-71.107914642"
"44.117270239,-71.646771574"
"44.111747302,-71.674104756"
"44.11892679,-71.642829068"
"44.160600515,-71.64441244"
"44.112326317,-71.67543509"
"44.112326317,-71.67543509"
"44.175605993,-71.427084147"
"44.175276571,-71.408895668"
"44.1706217,-71.470942006"
"44.172659744,-71.404494803"
"44.175950843,-71.436336892"
"44.17001582,-71.461497016"
"44.166077048,-71.388227619"
"44.175950843,-71.436336892"
"44.175906276,-71.436370709"
"44.17210474,-71.475301343"
"44.1706217,-71.470942006"
"44.191105073,-71.486848652"
"44.17900878,-71.47965357"
"44.167097365,-71.386015811"
"44.19362666,-71.488653989"
"44.307714887,-71.312867902"
"44.328012764,-71.283052662"
"44.281447111,-71.316217068"
"41.005003357,-75.067878972"
"41.593786549,-73.59309964"
"41.59877531,-73.5749191"
"41.594037051,-73.593136877"
"41.605275752,-73.619675856"
"41.605226022,-73.619917547"
"41.606891277,-73.619179163"
"41.59435692,-73.654657814"
"41.265539264,-74.154243253"
"41.544945965,-73.719255018"
"45.157103589,-70.112339044"
"42.398883143,-73.150401892"
"43.540386529,-72.861969148"
"43.510154347,-72.92667765"
"43.50471682,-72.926925129"
"43.503288227,-72.926367574"
"43.48785368,-72.925175447"
"43.483179118,-72.925893557"
"43.456782569,-72.934179036"
"43.456777798,-72.93402357"
"43.537097008,-72.871430381"
"43.534761659,-72.873998153"
"43.497371196,-72.925258096"
"43.521108472,-72.925191694"
"43.521139952,-72.925151582"
"43.531574518,-72.882510679"
"43.542667608,-72.857085549"
"43.550136497,-72.856981529"
"43.475556818,-72.937219197"
"43.532513899,-72.889392011"
"43.54108505,-72.859499219"
"43.540288425,-72.862048794"
"43.537719634,-72.872323553"
"43.540150085,-72.862202803"
"43.534800179,-72.873888302"
"43.534254574,-72.873656972"
"43.5128475,-72.927220761"
"43.499380251,-72.924395275"
"43.503737348,-72.926572611"
"43.489471153,-72.924442799"
"43.48742743,-72.925562524"
"43.477233323,-72.932313842"
"43.472539247,-72.938498671"
"43.45694822,-72.93319686"
"43.692815283,-72.736548248"
"43.681597826,-72.772791954"
"43.674938345,-72.810339583"
"43.679562094,-72.787216987"
"43.672000724,-72.830790272"
"43.689936522,-72.766333244"
"43.694362692,-72.756915028"
"43.690409219,-72.748204288"
"43.692379198,-72.738653281"
"43.66923775,-72.824828492"
"43.674759017,-72.839264948"
"43.692269062,-72.729854718"
"43.692866378,-72.737001092"
"43.681662442,-72.772798416"
"43.683807694,-72.77114739"
"43.679270953,-72.777466776"
"43.679656267,-72.787785687"
"43.674628234,-72.814121638"
"43.691107224,-72.720355666"
"45.046462669,-70.380673679"
"45.047667378,-70.383380047"
"45.061734704,-70.377087632"
"45.103508227,-70.356864593"
"45.090813461,-70.361964077"
"45.103192561,-70.35700453"
"45.103251551,-70.356845094"
"44.996103776,-70.34083788"
"45.039542487,-70.344595735"
"45.815939188,-69.06161045"
"45.805311911,-69.071978133"
"44.700167588,-70.82571675"
"44.672450095,-70.879406499"
"44.700916145,-70.824146982"
"44.590487644,-70.945783961"
"44.590933212,-70.945318847"
"44.603269585,-70.900101329"
"44.603462179,-70.900249283"
"44.605200353,-70.899731453"
"44.616289304,-70.892363464"
"44.618334864,-70.89323099"
"44.62203823,-70.895269927"
"44.627993365,-70.900363078"
"44.594595028,-70.936891562"
"44.599759234,-70.912362092"
"44.667611211,-70.893395091"
"44.59089298,-70.94541807"
"44.603410324,-70.900201638"
"44.603617528,-70.900076007"
"44.605322406,-70.89971304"
"44.591000147,-70.945047271"
"44.594650707,-70.936789638"
"44.559553178,-70.974955786"
"44.559374616,-70.974533281"
"44.559164203,-70.973949039"
"44.558942028,-70.97358883"
"44.558897362,-70.972636711"
"44.559472558,-70.971882089"
"44.559870697,-70.97208607"
"44.560124097,-70.972204178"
"44.560799401,-70.972261517"
"44.561091409,-70.972231105"
"44.563820948,-70.97211046"
"44.564704674,-70.973544083"
"44.542215779,-70.984626411"
"44.549639497,-70.978658733"
"44.559886355,-70.975118331"
"44.565437578,-70.971028864"
"44.566019289,-70.969782679"
"44.566496247,-70.969139388"
"44.567322497,-70.968057835"
"44.570051588,-70.965044956"
"44.571884861,-70.961698431"
"44.589989286,-70.94698017"
"44.569670009,-70.965245431"
"44.55978895,-70.975075619"
"44.55945297,-70.974739117"
"44.559309728,-70.974436328"
"44.558982542,-70.973772311"
"44.558897088,-70.973374752"
"44.559131874,-70.972548239"
"44.559554029,-70.971933527"
"44.560030638,-70.972151259"
"44.560575663,-70.972166731"
"44.560919554,-70.972271356"
"44.561206942,-70.97220485"
"44.565435229,-70.970891126"
"44.566312635,-70.969388542"
"44.566576741,-70.969034138"
"44.567559787,-70.967720846"
"44.569779961,-70.965151318"
"44.570151834,-70.965008582"
"44.57187896,-70.961418657"
"44.531115197,-70.981046902"
"44.530954833,-70.980915875"
"44.530538498,-70.980370186"
"44.5298369,-70.98054498"
"44.529706013,-70.980582886"
"44.528446614,-70.981106683"
"44.525136333,-70.980923248"
"44.524608496,-70.981514933"
"44.522780998,-70.982473998"
"44.522624242,-70.98256797"
"44.520373512,-70.984292686"
"44.51954256,-70.983547347"
"44.518637554,-70.983822651"
"44.518569769,-70.983735005"
"44.518102601,-70.983646242"
"44.516871334,-70.985186317"
"44.516181212,-70.986761369"
"44.516197128,-70.987877755"
"44.515933279,-70.98813904"
"44.514659376,-70.988738488"
"44.514078591,-70.988718322"
"44.513704837,-70.988867976"
"44.513537507,-70.988919179"
"44.511734013,-70.989035245"
"44.511582623,-70.988783629"
"44.509841892,-70.988710226"
"44.509575545,-70.988636098"
"44.509363923,-70.988670236"
"45.027185891,-70.321925527"
"45.003392582,-70.335380961"
"44.995256166,-70.340854773"
"44.991412072,-70.342433822"
"44.974849247,-70.36880928"
"44.976783296,-70.371661631"
"44.975520885,-70.374420062"
"44.974941248,-70.376541521"
"44.975030194,-70.376613582"
"44.975070615,-70.378028983"
"44.975119449,-70.37849484"
"44.975279189,-70.378821668"
"44.975328983,-70.380524893"
"44.978740136,-70.396805377"
"44.97654864,-70.400361569"
"45.027185891,-70.321925527"
"44.991412072,-70.342433822"
"44.974849247,-70.36880928"
"44.976783296,-70.371661631"
"44.975520885,-70.374420062"
"44.974616663,-70.376100721"
"44.975030194,-70.376613582"
"44.975056931,-70.377613071"
"44.975119449,-70.37849484"
"44.975279189,-70.378821668"
"44.978740136,-70.396805377"
"44.97654864,-70.400361569"
"44.973256829,-70.407957758"
"44.973289447,-70.408090088"
"44.976098249,-70.424740866"
"44.975484105,-70.425930555"
"44.975431686,-70.425992984"
"44.971682603,-70.442513589"
"44.969989482,-70.445947157"
"44.960136773,-70.449987772"
"44.960024256,-70.450363423"
"44.973289447,-70.408090088"
"44.976172621,-70.424592773"
"44.975809086,-70.425498262"
"44.975431686,-70.425992984"
"44.960192918,-70.449890925"
"44.960024256,-70.450363423"
"44.845201545,-70.694981508"
"44.845515902,-70.694283409"
"44.845843839,-70.693297673"
"44.846199105,-70.692205512"
"44.841401614,-70.664230124"
"44.841105899,-70.663889002"
"44.84045423,-70.662594034"
"44.840921263,-70.659388796"
"44.841051913,-70.65927247"
"44.843072599,-70.656772882"
"44.842951104,-70.656228335"
"44.842959569,-70.655713987"
"44.845318388,-70.694699335"
"44.845598301,-70.694066229"
"44.845954496,-70.693040576"
"44.846308832,-70.691835407"
"44.841310085,-70.664124533"
"44.841030039,-70.663786509"
"44.841014393,-70.659309492"
"44.841143414,-70.659224888"
"44.842966901,-70.656505378"
"44.84292801,-70.656024036"
"44.88695436,-70.540380137"
"44.846073308,-70.612606216"
"44.849833627,-70.607313806"
"44.85057944,-70.59097846"
"44.844795805,-70.635630857"
"44.843784408,-70.631338306"
"44.844942189,-70.615665176"
"44.868562004,-70.560758091"
"44.872973181,-70.560969418"
"44.873943143,-70.560912742"
"44.884941443,-70.54555268"
"44.886742031,-70.540674318"
"44.890989673,-70.534876283"
"44.892604007,-70.535069357"
"44.845090377,-70.615610238"
"44.846189458,-70.612373564"
"44.849923054,-70.607272708"
"44.844761953,-70.635307408"
"44.843663625,-70.63116437"
"44.873134571,-70.560948741"
"44.874157575,-70.560886805"
"44.884953916,-70.54545752"
"44.891671014,-70.534972292"
"44.892748975,-70.535015459"
"44.899440412,-70.536354491"
"44.90408747,-70.532345373"
"44.904769778,-70.529641276"
"44.909375103,-70.524295119"
"44.909699783,-70.524556728"
"44.909938653,-70.52462831"
"44.914247802,-70.525471462"
"44.914545886,-70.525792132"
"44.919692997,-70.524465722"
"44.507195608,-70.988667797"
"44.506732378,-70.988507951"
"44.505536281,-70.988583983"
"44.50502313,-70.989077585"
"44.504933814,-70.989154985"
"44.503467424,-70.990014698"
"44.502576782,-70.993171984"
"44.502714536,-70.994169106"
"44.501328285,-70.998212837"
"44.499796148,-70.999429375"
"44.499796148,-70.999429375"
"44.499089625,-70.999673102"
"44.497855819,-71.000180589"
"44.495108057,-71.002098923"
"44.490254371,-71.007557073"
"44.490051196,-71.007916409"
"44.489355203,-71.008237466"
"44.537742779,-70.990207069"
"44.536535512,-70.98736167"
"44.535304812,-70.98274719"
"44.531901911,-70.981619658"
"44.531027027,-70.980974278"
"44.530954833,-70.980915875"
"44.530121127,-70.980419906"
"44.529706013,-70.980582886"
"44.528446614,-70.981106683"
"44.524608496,-70.981514933"
"44.5228966,-70.982317795"
"44.522624242,-70.98256797"
"44.520373512,-70.984292686"
"44.51954256,-70.983547347"
"44.519060802,-70.983679898"
"44.518637554,-70.983822651"
"44.518102601,-70.983646242"
"44.516871334,-70.985186317"
"44.516181212,-70.986761369"
"44.51612325,-70.98750044"
"44.515933279,-70.98813904"
"44.514659376,-70.988738488"
"44.514211408,-70.988684587"
"44.513908927,-70.98883232"
"44.513537507,-70.988919179"
"44.512605635,-70.989349538"
"44.511582623,-70.988783629"
"44.509956096,-70.98871039"
"44.509729486,-70.988664666"
"44.509363923,-70.988670236"
"44.507451515,-70.988829661"
"44.506732378,-70.988507951"
"44.505705465,-70.988625585"
"44.505393011,-70.988627009"
"44.50502313,-70.989077585"
"44.504275708,-70.989950912"
"44.502600664,-70.992908493"
"44.502646588,-70.993914974"
"44.501602956,-70.99803957"
"44.501328285,-70.998212837"
"44.499891477,-70.999369249"
"44.499089625,-70.999673102"
"44.497855819,-71.000180589"
"44.495108057,-71.002098923"
"44.490389534,-71.007491107"
"44.490124977,-71.007828555"
"44.53252927,-70.982124176"
"44.531901911,-70.981619658"
"44.486396586,-71.013088689"
"44.485393754,-71.018512896"
"44.484458875,-71.025866705"
"44.481504663,-71.034919352"
"44.481462515,-71.035112869"
"44.47432818,-71.039928298"
"44.47422505,-71.03991352"
"44.470938595,-71.039666721"
"44.470143232,-71.040270681"
"44.468648718,-71.040914853"
"44.46816058,-71.042894495"
"44.468066748,-71.043388381"
"44.467592314,-71.045257853"
"44.467146784,-71.046360785"
"44.465122534,-71.047544351"
"44.46441096,-71.047883335"
"44.463178179,-71.055360242"
"44.455124144,-71.065556143"
"44.485483222,-71.01814121"
"44.484458875,-71.025866705"
"44.481437442,-71.034433866"
"44.481504663,-71.034919352"
"44.474733438,-71.040100408"
"44.47422505,-71.03991352"
"44.471363644,-71.039335865"
"44.470442476,-71.039830868"
"44.46816058,-71.042894495"
"44.468066748,-71.043388381"
"44.467592314,-71.045257853"
"44.467146784,-71.046360785"
"44.465122534,-71.047544351"
"44.46441096,-71.047883335"
"44.195613689,-71.490560584"
"44.168582002,-71.535585416"
"44.188256252,-71.568511964"
"44.174370046,-71.542378954"
"44.183646714,-71.496758676"
"44.18357761,-71.496567244"
"44.195478593,-71.490178025"
"44.183604959,-71.49667473"
"44.183638906,-71.496279541"
"44.195647338,-71.490414755"
"44.180074177,-71.632546534"
"44.183799347,-71.626045383"
"44.18701942,-71.618421139"
"44.187428039,-71.611076302"
"44.188833755,-71.609860294"
"44.17814191,-71.635900843"
"44.190029681,-71.606993156"
"44.189997115,-71.601592739"
"44.193167135,-71.585185349"
"44.193501089,-71.583871317"
"44.189925866,-71.577599"
"44.180083823,-71.632454343"
"44.183797386,-71.62590327"
"44.1870516,-71.618246329"
"44.189958681,-71.60145222"
"44.19314391,-71.585046881"
"44.193524011,-71.583756534"
"41.571477563,-73.680328448"
"41.592805106,-73.658294896"
"37.412952186,-79.951276989"
"37.432984871,-79.978852442"
"37.41789527,-79.954778775"
"43.680565781,-72.785451061"
"43.680262562,-72.780746501"
"43.680586341,-72.782143466"
"41.625616943,-73.553647871"
"43.020291867,-73.037636387"
"36.652674323,-81.479447015"
"37.842225214,-79.018560508"
"41.203620074,-74.410067518"
"41.317323826,-74.609544119"
"40.455633791,-76.784096648"
"40.446919801,-76.76298233"
"44.920249496,-70.524436828"
"44.936659613,-70.504507664"
"44.953250726,-70.469390944"
"44.953431967,-70.469135336"
"44.958939044,-70.45269323"
"44.951493897,-70.486072582"
"44.89305816,-70.535002487"
"44.899468342,-70.536298472"
"44.909512387,-70.52437273"
"44.909770333,-70.524667449"
"44.910089227,-70.524506786"
"44.914385692,-70.525642565"
"44.914623726,-70.525948483"
"44.919948967,-70.524527362"
"44.953358058,-70.469314455"
"44.953487546,-70.469051252"
"44.904212019,-70.532289481"
"44.767302437,-70.768548605"
"44.762577583,-70.768801254"
"44.761933043,-70.768806325"
"44.760777227,-70.768880023"
"44.75985998,-70.768859819"
"44.759575181,-70.768850057"
"44.756583326,-70.76891719"
"44.739847519,-70.774486949"
"44.762983808,-70.768854254"
"44.762417426,-70.768857945"
"44.761933043,-70.768806325"
"44.760630212,-70.768874152"
"44.759575181,-70.768850057"
"44.756583326,-70.76891719"
"44.760409895,-70.768837037"
"44.834817554,-70.724120983"
"44.834977123,-70.724042266"
"44.810962377,-70.75581868"
"44.787779006,-70.770718197"
"44.796749679,-70.766938712"
"44.806023927,-70.75940968"
"44.834666408,-70.724218251"
"44.836023737,-70.709866492"
"44.806134284,-70.759351846"
"44.788175057,-70.770986368"
"44.673327075,-70.863062295"
"44.700167588,-70.82571675"
"44.692728964,-70.835951066"
"44.673327075,-70.863062295"
"44.672450095,-70.879406499"
"44.721435616,-70.785623328"
"42.555956368,-73.154448527"
"42.520484503,-73.157034053"
"42.485324862,-73.181094977"
"42.561637696,-73.154791413"
"42.565393578,-73.156014579"
"42.56084592,-73.154983597"
"42.565428669,-73.156097575"
"42.556013431,-73.154439036"
"42.557780768,-73.155134972"
"42.55486794,-73.154570584"
"42.518816238,-73.158017592"
"42.504425767,-73.168789816"
"42.484649419,-73.180938235"
"42.575279485,-73.16193534"
"42.481811901,-73.178523176"
"42.480661041,-73.175348049"
"42.43264407,-73.157645436"
"42.453124956,-73.164105253"
"42.440331242,-73.159313502"
"42.453326958,-73.163910646"
"42.464082152,-73.163685577"
"42.44989941,-73.166145925"
"42.464138141,-73.16342197"
"42.468925995,-73.15939417"
"42.429439372,-73.15765087"
"42.662616139,-73.15770536"
"42.648821947,-73.158532219"
"42.667679713,-73.157670178"
"42.651869896,-73.158355359"
"42.6543023,-73.158176811"
"42.648619776,-73.158554323"
"42.670881338,-73.167744988"
"45.589039619,-69.20654511"
"44.453559781,-71.070073647"
"35.383968955,-83.755659565"
"34.650054252,-84.197871327"
"34.65104109,-84.198365705"
"34.647692627,-84.198331106"
"36.313669012,-82.130386528"
"36.183539008,-82.009163482"
"36.198026005,-82.002461483"
"36.491009422,-81.973757209"
"36.130317941,-82.281671503"
"36.136181594,-82.242797124"
"36.143331562,-82.233260942"
"36.33018298,-82.107254911"
"36.331330084,-82.104865304"
"35.991373106,-82.487850071"
"36.035000582,-82.419058291"
"41.308188608,-74.000573429"
"41.308630714,-74.0106332"
"37.433802199,-79.986290457"
"37.428979439,-79.964325773"
"37.434442758,-79.975730332"
"37.420898256,-79.955183808"
"37.439967691,-79.99417728"
"40.040692784,-77.341779538"
"38.762137298,-78.277074783"
"39.323081436,-77.73052056"
"35.198811115,-83.56368889"
"35.218336232,-83.563325501"
"35.281257334,-83.581100502"
"35.283053233,-83.589143484"
"35.304142985,-83.590338041"
"35.301130758,-83.592166649"
"35.309378965,-83.585750203"
"35.312944782,-83.58826487"
"35.330279098,-83.591198941"
"44.712508214,-70.814830445"
"43.086250782,-72.924935036"
"42.804092614,-73.116228154"
"42.884350886,-73.115661396"
"42.781881608,-73.125741665"
"38.593079322,-78.375551734"
"38.648584052,-78.315973101"
"44.138237415,-71.703232727"
"44.138346857,-71.702583077"
"44.138012295,-71.732888811"
"44.138012295,-71.732888811"
"44.125549665,-71.695579411"
"44.109743067,-71.681439016"
"44.100477709,-71.74196185"
"44.066934427,-71.760544335"
"44.042146127,-71.787955606"
"44.051102461,-71.769577422"
"44.051154548,-71.769558544"
"44.055634888,-71.768122131"
"44.051154548,-71.769558544"
"44.126064885,-71.696076918"
"44.128383202,-71.70347158"
"44.130408522,-71.705158635"
"44.128383202,-71.70347158"
"44.075918745,-71.750760518"
"44.042136581,-71.79076629"
"44.109997725,-71.680771497"
"44.080044382,-71.752869369"
"44.095811463,-71.755314211"
"44.440866726,-71.128516447"
"44.404082739,-71.120183992"
"44.433910969,-71.150928326"
"44.441380615,-71.113393267"
"44.440820944,-71.12884667"
"44.417696633,-71.157478525"
"44.453937724,-71.071378655"
"44.400160173,-71.111994487"
"45.253630439,-69.835753859"
"45.252850695,-69.8333517"
"45.252129945,-69.829890088"
"45.270674213,-69.954382282"
"45.253689863,-69.835663039"
"45.252783044,-69.833054526"
"45.272098236,-69.916236387"
"45.090743375,-70.362031678"
"45.097244687,-70.361240409"
"45.040825272,-70.360283003"
